language,origin_country,residence_country,residence_over_1year,years_lived,months_lived,province,city_Canada,state,Age,Gender,Sexualorientation,Immigration_status,Denied_status,English_proficiency,Education,Employment,School,RHS_1,RHS_2,RHS_3,RHS_4,RHS_5,RHS_6,RHS_7,RHS_8,RHS_9,RHS_10,RHS_11,RHS_12,RHS_13,RHS_14,RHS_distress,EMSupport_1,EMSupport_2,EMSupport_3,EMSupport_4,Loneliness_1,Loneliness_2,Loneliness_3,Loneliness_4,Outness_1,Outness_2,Outness_3,Outness_4,Outness_5,Network_1,Network_2,Network_3,Network_4,Network_5,LGBTQFriends_number,Top3_support,Facebook,Website,Community_Center,Buddy,Therapist,rhs,out,support,lonely,region,state_province,age_group,years_lived_grp
English,Afghanistan,United States,1,1,1,AB,1,AL,1,Other,Other,WorkPermit,NA,Very good,Post-secondary,Yes,No,3,3,5,2,5,4,4,3,3,2,1,3,3,2,4,4,3,3,3,3,3,4,3,3,3,4,3,3,1,1,1,1,2,10-Jun,"1,2,3",1,1,1,1,1,TRUE,3,43.7,66.75941204,ECA,AL,<21,2-Jan
English,Russia,United States,1,4,NA,NA,,NY,25,Cis-male,Gay,Granted,NA,Excellent,Secondary,Yes,Yes,1,3,3,2,2,1,2,2,1,1,1,1,1,2,8,5,4,5,5,3,3,2,3,1,3,4,3,3,1,1,1,1,1,5-Mar,"2,3,4",1,1,1,1,1,TRUE,2.5,55.6,62.83565092,ECA,NY,21-29,4-Mar
English,Russia,United States,1,35,NA,NA,,NY,32,Other,Other,Granted,NA,Very good,Post-secondary,Yes,No,2,1,3,2,3,2,2,2,2,1,2,2,1,2,2,3,3,3,2,3,1,1,3,2,3,3,NA,3,1,1,1,2,2,5-Mar,"3,7",2,2,1,1,1,TRUE,2.666666667,40.5,56.92256407,ECA,NY,30-39,12
English,Burundi,United States,1,5,NA,NA,,ME,25,Cis-female,Bisexual,Granted,NA,Very good,Post-secondary,Yes,Yes,1,2,2,1,1,1,2,1,1,1,1,1,1,2,1,5,5,5,5,3,2,1,3,3,1,1,1,1,1,1,1,1,1,10-Jun,"2,3,5",1,1,1,1,1,FALSE,1.5,62,58.91844059,SSA,ME,21-29,6-May
English,Nigeria,United States,1,2,NA,NA,,DC,48,Cis-male,Bisexual,WorkPermit,NA,Excellent,Post-secondary,Yes,No,5,5,4,4,4,3,4,2,1,4,5,4,4,2,8,3,3,3,3,4,3,3,3,2,2,1,1,1,1,1,2,1,1,5-Mar,9,2,2,3,2,1,TRUE,1.5,42.1,68.43541888,LA,DC,40-49,2-Jan
English,Nigeria,United States,1,4,NA,NA,,IL,33,Cis-male,Gay,Granted,NA,Excellent,Post-secondary,Yes,Yes,3,4,4,2,5,5,4,2,1,5,4,3,2,3,7,5,5,5,5,4,3,3,2,2,3,3,3,3,1,1,1,1,1,10-Jun,"3,5",1,1,1,1,2,TRUE,2.75,62,65.41688776,LA,IL,30-39,4-Mar
English,Jamaica,United States,1,4,NA,NA,,MA,34,Cis-male,Bisexual,Granted,NA,Excellent,Post-secondary,Yes,No,1,1,2,1,1,1,1,1,1,5,5,5,5,1,1,5,5,5,5,1,1,1,1,1,3,4,NA,3,1,1,2,2,2,11,"3,4,7",3,3,1,1,3,TRUE,2.333333333,62,38.1835606,C,MA,30-39,4-Mar
English,Nigeria,United States,1,4,NA,NA,,GA,30,Cis-male,Gay,Granted,NA,Excellent,Post-secondary,No,Yes,1,2,3,2,1,1,1,1,1,1,1,1,1,1,2,2,2,3,2,3,3,4,3,1,1,1,1,1,1,2,2,2,2,2-Jan,"4,7,8",1,1,1,1,1,FALSE,1,37.3,66.75941204,LA,GA,30-39,4-Mar
English,Jamaica,United States,1,17,NA,NA,,PA,37,Cis-male,Gay,Granted,NA,Excellent,Secondary,Yes,No,4,4,4,4,4,4,4,4,4,5,5,5,5,1,NA,5,5,5,5,5,5,5,5,2,3,3,3,3,1,1,1,1,1,10-Jun,"2,5,9",1,1,1,1,1,TRUE,2.75,62,84.6120067,C,PA,30-39,12
English,Russia,United States,1,4,NA,NA,,CA,37,Cis-male,Gay,Granted,NA,Very good,Post-secondary,No,No,1,5,5,5,4,2,3,1,1,4,4,3,4,3,7,4,4,4,3,3,2,3,4,NA,3,4,3,3,1,1,1,1,1,11,3,1,1,1,1,1,TRUE,3,47.2,65.84561139,ECA,CA,30-39,4-Mar
English,Russia,United States,1,2,NA,NA,,NY,31,Cis-male,Gay,WorkPermit,NA,Good,Primary,Yes,No,4,4,5,2,4,5,5,3,4,4,4,4,4,2,5,3,2,2,3,3,3,2,2,2,3,4,3,3,1,1,1,1,1,10-Jun,"2,6,8",1,1,1,1,1,TRUE,2.75,38.9,59.83521258,ECA,NY,30-39,2-Jan
English,Uganda,United States,1,1,NA,NA,,CA,25,Cis-male,Bisexual,WorkPermit,NA,Good,Secondary,Yes,No,4,3,4,4,3,4,3,4,3,2,4,5,4,2,NA,5,5,5,3,3,3,3,2,NA,2,1,3,3,1,1,1,1,1,11,4,1,NA,NA,NA,NA,TRUE,2.666666667,53,61.97155966,ECA,CA,21-29,2-Jan
English,Russia,United States,1,3,NA,NA,,OR,31,Cis-male,Gay,WorkPermit,NA,Very good,Post-secondary,Yes,No,1,2,3,2,2,1,1,2,1,3,3,3,2,2,7,3,3,3,2,3,3,2,2,1,1,1,1,1,1,2,2,1,2,10-Jun,"4,7,8",1,2,1,1,1,TRUE,1,40.5,59.83521258,ECA,OR,30-39,4-Mar
English,Ukraine,United States,1,3,NA,NA,,NY,35,Cis-male,Gay,WorkPermit,NA,Excellent,Post-secondary,Yes,No,3,4,4,5,3,4,4,3,2,2,3,3,4,1,6,1,2,1,1,5,4,5,5,2,1,1,3,1,1,2,2,1,2,2-Jan,10,1,3,2,3,3,TRUE,1.75,29.9,81.85810016,NA,NY,30-39,4-Mar
English,Russia,United States,1,4,NA,NA,,NY,28,Cis-male,Gay,NotSubmitted,NA,Very good,Post-secondary,Yes,No,2,4,5,4,4,4,4,4,1,3,2,4,3,3,4,4,4,5,4,3,4,3,4,2,3,1,3,3,1,1,1,1,1,11,"1,4,9",1,1,1,1,1,TRUE,2.75,50.8,69.86565071,ECA,NY,21-29,4-Mar
English,Russia,United States,1,10,NA,NA,,NY,31,Cis-female,Bisexual,Granted,NA,Very good,Post-secondary,Yes,No,2,2,2,1,1,1,1,2,2,3,2,2,2,2,7,2,3,4,3,2,2,3,1,1,1,1,3,3,1,1,1,2,2,10-Jun,"3,4,8",1,1,2,1,1,TRUE,2,42.1,53.1975467,ECA,NY,30-39,10-Sep
English,Azerbaijan,United States,1,4,NA,NA,,NY,23,Cis-male,Gay,WorkPermit,NA,Excellent,Post-secondary,Yes,No,2,2,5,2,5,2,2,3,3,4,5,3,3,1,3,4,5,5,5,1,1,1,2,1,3,3,3,3,1,1,1,1,1,11,"3,4,6",1,1,1,1,1,TRUE,2.5,55.6,45.81029366,ECA,NY,21-29,4-Mar
English,El Salvador,United States,1,3,NA,NA,,NY,28,Other,Other,WorkPermit,NA,Excellent,Post-secondary,Yes,No,5,4,4,4,4,4,4,4,3,5,4,4,2,2,6,4,4,4,4,2,2,2,3,2,3,2,3,3,1,1,1,2,1,11,"2,3,4",1,3,1,1,1,TRUE,2.75,49,57.32677793,LA,NY,21-29,4-Mar
English,Nigeria,United States,1,2,NA,NA,,NY,33,Cis-male,Bisexual,Granted,NA,Very good,Post-secondary,Yes,No,3,2,2,1,1,1,2,1,1,2,3,2,2,1,6,3,4,4,4,2,3,4,3,2,1,1,1,1,1,1,1,1,1,5-Mar,"3,4,7",1,2,1,1,2,TRUE,1.25,47.2,62.83299975,LA,NY,30-39,2-Jan
English,Cuba,United States,1,19,NA,NA,,FL,28,Cis-male,Gay,NotSubmitted,NA,Excellent,Secondary,Yes,No,2,2,3,2,1,2,2,1,1,1,1,1,2,3,3,4,4,5,5,1,2,1,1,3,3,4,3,3,1,1,1,1,1,5-Mar,"1,2,7",3,3,3,3,3,FALSE,3,53,44.34835906,C,FL,21-29,12
English,Kazakhstan,United States,1,2,NA,NA,,NY,25,Cis-male,Gay,Granted,NA,Good,Post-secondary,Yes,No,3,2,3,2,2,4,3,4,1,4,3,2,3,2,3,4,3,4,4,3,2,3,3,2,3,4,3,NA,2,2,2,1,1,0,2,1,2,1,1,2,TRUE,2.666666667,47.2,62.90514364,SSA,NY,21-29,2-Jan
English,Russia,United States,1,2,NA,NA,,NY,24,Cis-male,Gay,WorkPermit,NA,Good,Secondary,Yes,No,2,2,3,2,1,1,3,2,1,1,2,1,2,2,6,5,5,5,5,2,1,2,2,3,3,4,1,NA,1,1,1,1,2,11,"1,2,8",2,2,3,1,1,TRUE,2.333333333,62,52.67321364,ECA,NY,21-29,2-Jan
English,Jamaica,United States,1,3,NA,NA,,NY,27,Cis-male,Gay,WorkPermit,NA,Excellent,Post-secondary,No,No,5,5,5,3,5,5,5,3,5,5,5,4,5,3,6,4,5,4,3,3,3,3,4,1,1,1,1,1,1,1,1,1,1,5-Mar,"4,7,8",1,1,1,1,1,TRUE,1,49,67.95569734,C,NY,21-29,4-Mar
English,Russia,United States,1,4,NA,NA,,NY,33,Cis-male,Gay,Granted,NA,Very good,Post-secondary,Yes,No,1,1,1,1,1,1,1,1,1,1,2,1,1,2,1,4,4,4,4,1,1,1,1,3,3,4,3,3,1,1,1,1,2,10-Jun,"1,2,7",2,2,1,1,2,FALSE,3,49,38.1835606,ECA,NY,30-39,4-Mar
English,Russia,United States,1,3,NA,NA,,NY,30,Cis-female,Lesbian,WorkPermit,NA,Good,Post-secondary,Yes,No,4,2,4,2,2,2,3,3,5,2,3,1,3,3,1,5,5,5,5,3,3,2,1,NA,1,4,3,3,1,1,1,1,1,5-Mar,"2,8",1,1,1,1,2,TRUE,2.333333333,62,57.87716562,ECA,NY,30-39,4-Mar
English,Uganda,United States,1,2,NA,NA,,CA,31,Cis-male,Gay,Granted,NA,Good,Primary,Yes,Yes,1,2,2,1,1,1,1,1,1,2,1,2,1,3,2,4,3,1,3,2,1,3,3,2,3,4,3,3,1,1,1,2,2,11,"3,9",3,1,1,1,1,FALSE,2.75,40.5,57.47341349,ECA,CA,30-39,2-Jan
English,Russia,United States,1,2,NA,NA,,NY,30,Cis-male,Gay,WorkPermit,NA,Very good,Post-secondary,Yes,No,2,3,3,2,1,1,2,1,2,1,2,2,2,2,6,4,4,4,4,2,2,3,2,3,3,4,3,3,1,1,1,1,2,10-Jun,"2,3,4",1,2,1,1,1,TRUE,3,49,56.12456012,ECA,NY,30-39,2-Jan
English,Russia,United States,1,5,NA,NA,,NY,31,Cis-male,Gay,Granted,NA,Very good,Post-secondary,Yes,No,1,1,3,1,1,1,1,1,1,1,1,1,1,1,1,5,5,5,5,1,1,1,1,3,3,4,3,3,1,1,1,2,2,10-Jun,"2,6",1,2,2,1,3,FALSE,3,62,38.1835606,ECA,NY,30-39,6-May
English,Uganda,United States,1,3,NA,NA,,CA,36,Cis-male,Gay,Granted,NA,Very good,Post-secondary,Yes,No,1,1,1,1,1,1,1,1,1,1,1,1,1,2,1,5,5,5,5,4,3,2,1,2,1,4,3,3,1,1,1,1,1,11,"2,6,9",1,2,1,1,2,FALSE,2.25,62,60.61885772,ECA,CA,30-39,4-Mar
English,Jamaica,United States,1,5,NA,NA,,NY,24,Cis-male,Gay,Granted,NA,Excellent,Secondary,No,No,1,5,5,5,5,1,1,1,1,5,5,5,1,1,NA,5,5,5,5,5,3,4,5,2,3,3,NA,3,1,1,1,1,2,5-Mar,"2,6",1,2,1,1,1,TRUE,2.666666667,62,78.25036578,C,NY,21-29,6-May
English,Russia,United States,1,3,NA,NA,,CA,34,Cis-female,Lesbian,NotSubmitted,NA,Excellent,Post-secondary,Yes,Yes,2,3,3,2,2,1,1,2,1,5,4,4,4,2,4,2,2,3,2,4,3,4,4,2,1,4,3,3,1,1,1,1,1,5-Mar,"4,7",1,1,1,1,2,TRUE,2.25,37.3,73.10538549,ECA,CA,30-39,4-Mar
English,Cyprus,United States,2,0,6,NA,,NY,23,Cis-male,Gay,NotSubmitted,NA,Excellent,Post-secondary,Yes,No,4,2,4,5,2,1,2,4,1,2,3,4,3,1,5,5,5,5,5,2,2,2,4,2,3,1,3,3,1,2,2,1,2,11,"6,7,8",1,2,2,1,1,TRUE,2.75,62,58.827009,ECA,NY,21-29,<1
English,Russia,United States,2,0,8,NA,,NY,25,Cis-male,Gay,Submitted,NA,Excellent,Post-secondary,Yes,No,4,3,4,3,4,3,2,2,2,2,3,1,3,3,3,3,3,4,4,2,2,2,2,1,3,4,NA,3,1,1,1,2,2,11,"3,7",1,1,1,3,1,TRUE,2.333333333,45.4,54.60541888,ECA,NY,21-29,<1
English,Russia,United States,1,1,NA,NA,,FL,34,Cis-female,Lesbian,WorkPermit,NA,Very good,Post-secondary,Yes,No,3,4,5,3,4,3,3,3,5,3,3,3,4,2,7,5,5,5,5,1,1,1,1,1,3,4,3,NA,1,1,1,2,2,5-Mar,9,1,3,3,2,3,TRUE,2.333333333,62,38.1835606,ECA,FL,30-39,2-Jan
English,Russia,United States,1,10,NA,NA,,CA,36,Cis-male,Gay,Granted,NA,Very good,Post-secondary,Yes,No,3,4,3,3,3,2,4,2,2,3,3,3,3,2,4,2,2,2,2,4,4,4,4,NA,3,4,3,3,1,1,1,1,1,10-Jun,"7,9,10",1,1,1,1,1,TRUE,3,35.7,74.63652564,ECA,CA,30-39,10-Sep
English,Nigeria,United States,1,2,NA,NA,,IL,35,Cis-male,Gay,WorkPermit,NA,Very good,Post-secondary,Yes,No,2,3,4,4,4,2,2,3,5,5,5,5,5,2,9,2,2,3,2,5,5,5,4,2,2,2,3,2,2,2,2,2,2,2-Jan,"3,7,9",2,2,3,3,3,TRUE,2.25,37.3,80.67682478,LA,IL,30-39,2-Jan
English,Nigeria,United States,1,3,NA,NA,,IL,46,Cis-male,Gay,WorkPermit,NA,Very good,Post-secondary,Yes,No,1,2,2,3,4,1,1,2,2,4,4,3,3,2,3,4,4,5,4,3,3,4,3,1,1,1,1,1,1,1,1,1,1,11,"3,4,7",2,1,1,1,1,TRUE,1,50.8,66.75941204,LA,IL,40-49,4-Mar
English,Russia,United States,1,3,NA,NA,,FL,33,Cis-female,Lesbian,WorkPermit,NA,Excellent,Post-secondary,Yes,No,3,2,3,3,3,3,2,4,4,3,4,3,4,2,8,3,3,4,4,4,3,3,3,2,3,4,3,3,1,1,1,1,1,5-Mar,"2,6,10",2,2,1,1,1,TRUE,2.75,45.4,68.43541888,ECA,FL,30-39,4-Mar
English,Jamaica,United States,1,2,NA,NA,,NY,27,Cis-male,Gay,WorkPermit,NA,Very good,Secondary,Yes,No,5,5,5,5,5,4,3,3,5,3,5,4,4,3,7,4,4,3,2,3,3,3,5,1,1,1,1,1,1,1,1,1,1,5-Mar,"4,7,8",1,1,1,1,1,TRUE,1,43.7,69.10687497,C,NY,21-29,2-Jan
English,Russia,United States,1,3,NA,NA,,NY,35,Cis-male,Gay,WorkPermit,NA,Good,Post-secondary,No,No,1,4,5,5,1,1,5,1,3,2,1,2,1,3,3,5,1,4,4,3,2,2,3,3,NA,4,3,3,1,1,1,1,1,5-Mar,"1,2,4",1,3,1,3,1,TRUE,3,45.4,60.73225499,ECA,NY,30-39,4-Mar
English,Nigeria,United States,1,3,NA,NA,,IL,36,Cis-male,Gay,WorkPermit,NA,Excellent,Post-secondary,No,No,5,5,5,5,5,5,5,5,4,5,5,4,4,4,NA,1,1,3,3,5,5,4,5,2,2,2,2,3,1,1,1,1,1,11,7,1,1,1,1,1,TRUE,2.25,35.7,81.8169184,LA,IL,30-39,4-Mar
English,Nigeria,United States,1,3,NA,NA,,IL,37,Cis-male,Gay,Granted,NA,Excellent,Post-secondary,No,Yes,1,1,1,1,1,1,1,1,1,1,1,2,1,1,1,5,5,5,5,1,1,1,1,1,1,1,2,2,1,1,1,1,1,11,"5,7,9",2,3,1,1,1,FALSE,1.5,62,38.1835606,LA,IL,30-39,4-Mar
English,Venezuela,United States,1,9,NA,NA,,NY,39,Other,Lesbian,Granted,NA,Excellent,Post-secondary,Yes,No,5,4,4,4,4,1,3,2,5,3,4,4,3,3,7,4,4,4,4,4,3,2,2,3,3,4,NA,3,1,2,2,1,1,10-Jun,"2,7,8",1,2,1,1,1,TRUE,3,49,62.49186431,LA,NY,30-39,10-Sep
English,Gambia,Canada,1,2,NA,ON,Ottawa,NA,23,Other,Lesbian,Granted,NA,Very good,Secondary,No,No,4,5,5,3,5,5,5,5,5,5,5,5,5,4,9,4,4,4,4,5,2,3,4,2,NA,4,3,3,1,1,1,1,1,10-Jun,"7,9,10",1,2,1,1,1,TRUE,2.666666667,49,71.68549653,SSA,ON,21-29,2-Jan
English,Jamaica,United States,1,1,NA,NA,,NY,23,Transgender female,Gay,WorkPermit,NA,Excellent,Secondary,No,No,1,4,5,5,5,1,1,3,5,4,1,5,4,2,NA,2,1,3,2,3,4,4,3,3,2,1,3,3,1,1,2,1,1,5-Mar,"4,7,9",1,2,1,1,3,TRUE,2.75,35.7,68.79744712,C,NY,21-29,2-Jan
English,Uganda,United States,2,0,3,NA,,CA,25,Cis-female,Lesbian,Submitted,NA,Very good,Post-secondary,Yes,No,1,4,4,3,5,1,5,4,5,4,3,4,5,3,3,4,4,4,4,2,2,3,2,2,1,1,3,3,1,1,2,1,1,2-Jan,"4,9",3,3,3,1,1,TRUE,2.25,49,56.12456012,ECA,CA,21-29,<1
English,Nigeria,United States,1,2,NA,NA,,NJ,28,Other,Gay,Granted,NA,Excellent,Post-secondary,Yes,No,1,3,4,2,3,2,2,3,2,4,2,3,4,1,6,4,4,5,5,2,3,2,2,2,3,2,2,3,1,2,2,2,1,11,7,2,1,1,1,1,TRUE,2.5,53,56.48793126,LA,NJ,21-29,2-Jan
English,United States,United States,1,4,NA,NA,,NY,31,Cis-female,Lesbian,Granted,NA,Excellent,Secondary,Yes,No,4,4,4,2,2,2,3,2,2,2,1,2,4,3,9,3,2,3,4,4,5,4,5,2,3,2,1,3,1,1,1,1,1,5-Mar,"4,6,7",1,1,1,1,1,TRUE,2.25,42.1,78.31607395,NA,NY,30-39,4-Mar
English,Kenya,United States,1,5,NA,NA,,NY,43,Cis-female,Bisexual,Granted,NA,Excellent,Post-secondary,Yes,No,3,5,5,4,5,2,3,4,3,3,3,3,3,2,7,3,2,3,3,3,4,3,4,2,3,4,1,3,1,2,1,1,2,10-Jun,"2,3,6",3,3,1,1,1,TRUE,2.25,40.5,69.86565071,ECA,NY,40-49,6-May
English,Kazakhstan,United States,1,6,NA,NA,,WA,24,Other,Lesbian,Submitted,NA,Good,Secondary,Yes,No,4,4,5,5,3,2,3,3,3,5,4,4,3,2,6,4,4,4,4,3,4,4,5,2,1,4,2,3,2,2,1,1,1,0,10,1,1,1,1,1,TRUE,2,49,73.74076357,SSA,WA,21-29,6-May
English,Russia,United States,1,2,NA,NA,,FL,28,Cis-male,Gay,WorkPermit,NA,Good,Secondary,Yes,No,1,4,5,4,1,2,3,3,1,2,4,3,2,3,2,2,2,3,1,2,2,1,3,1,3,4,3,3,1,1,2,1,1,5-Mar,"6,7,9",2,1,2,1,1,TRUE,2.5,35.7,55.10649911,ECA,FL,21-29,2-Jan
English,Azerbaijan,United States,1,1,NA,NA,,NY,32,Cis-female,Lesbian,NotSubmitted,NA,Good,Post-secondary,Yes,No,3,5,5,5,2,1,3,3,3,2,2,1,2,3,6,2,2,1,2,4,4,5,5,2,1,4,3,NA,2,2,2,1,1,0,9,2,1,2,3,2,TRUE,2,34,78.25654961,ECA,NY,30-39,2-Jan
English,Jamaica,United States,1,2,NA,NA,,MA,28,Cis-male,Gay,WorkPermit,NA,Excellent,Post-secondary,Yes,No,2,2,3,2,2,3,2,2,3,1,2,1,1,1,7,5,5,5,5,3,2,3,2,2,3,3,3,3,1,1,1,2,2,10-Jun,"2,5",3,3,3,1,1,TRUE,2.75,62,59.71742824,C,MA,21-29,2-Jan
English,Jamaica,United States,2,0,10,NA,,MA,33,Cis-male,Gay,NotSubmitted,NA,Excellent,Post-secondary,No,No,4,4,5,4,4,2,3,3,3,2,2,2,2,2,7,5,5,5,5,3,2,1,2,1,1,3,3,1,1,1,1,2,2,11,"2,7,9",3,3,2,1,1,TRUE,1.5,62,55.60561467,C,MA,30-39,<1
English,Jamaica,United States,2,0,11,NA,,MA,23,Cis-male,Bisexual,NotSubmitted,NA,Excellent,Post-secondary,No,No,1,2,2,2,1,1,2,1,2,2,3,1,2,2,NA,5,5,5,5,3,3,2,2,1,2,2,3,2,1,1,1,1,1,5-Mar,"2,5,9",1,1,1,1,1,FALSE,2,62,59.83521258,C,MA,21-29,<1
English,Uganda,United States,2,0,4,NA,,MA,27,Cis-male,Gay,NotSubmitted,NA,Excellent,Post-secondary,No,No,5,5,5,5,5,5,5,5,5,5,5,5,5,1,8,5,5,5,5,5,5,5,5,3,3,3,3,3,1,1,2,1,1,11,5,3,3,1,1,1,TRUE,3,62,84.6120067,ECA,MA,21-29,<1
English,Jamaica,United States,2,0,7,NA,,MA,40,Cis-male,Gay,NotSubmitted,NA,Excellent,Post-secondary,No,No,3,4,5,4,5,3,5,4,5,5,3,4,5,2,7,4,4,4,3,3,3,4,3,2,2,3,3,1,1,1,1,1,1,5-Mar,"2,5,9",1,1,1,1,1,TRUE,2,47.2,66.75941204,C,MA,40-49,<1
English,Jamaica,United States,1,4,NA,NA,,MA,26,Cis-male,Gay,Granted,NA,Excellent,Post-secondary,Yes,No,3,5,5,4,4,3,4,4,5,5,5,5,4,4,7,2,1,1,1,5,5,5,5,1,1,1,3,1,1,1,1,1,1,5-Mar,6,1,1,1,1,1,TRUE,1.5,29.9,84.6120067,C,MA,21-29,4-Mar
English,Uganda,United States,1,4,NA,NA,,MA,45,Cis-female,Bisexual,WorkPermit,NA,Excellent,Post-secondary,Yes,No,5,5,5,4,5,2,4,4,5,5,5,1,5,2,9,3,3,2,2,4,5,3,4,3,1,4,3,1,2,2,2,1,1,2-Jan,4,1,1,1,1,1,TRUE,2,38.9,74.11157789,ECA,MA,40-49,4-Mar
English,Uganda,United States,2,0,11,NA,,MA,28,Cis-male,Gay,WorkPermit,NA,Very good,Post-secondary,Yes,No,4,5,5,3,5,3,3,3,4,4,5,5,3,3,8,3,3,3,1,4,4,5,5,2,1,1,2,1,1,2,2,1,1,5-Mar,"5,10",1,1,1,1,1,TRUE,1.5,38.9,78.25654961,ECA,MA,21-29,<1
English,Jamaica,United States,1,1,NA,NA,,MA,24,Cis-male,Gay,WorkPermit,NA,Excellent,Secondary,No,No,1,3,3,3,2,1,1,2,2,5,2,1,3,3,7,2,2,3,2,5,3,4,5,3,NA,4,3,NA,1,1,1,1,2,10-Jun,2,1,3,1,2,1,TRUE,3,37.3,78.25036578,C,MA,21-29,2-Jan
English,Jamaica,United States,1,4,NA,NA,,MA,29,Transgender female,Heterosexual,Submitted,NA,Excellent,Post-secondary,Yes,Yes,1,2,5,1,1,1,1,5,2,1,1,1,1,2,1,5,5,5,5,1,1,1,1,3,3,3,3,3,1,1,2,2,2,11,"2,4,9",1,1,1,1,1,FALSE,3,62,38.1835606,C,MA,21-29,4-Mar
English,Uganda,United States,2,0,6,NA,,MA,32,Cis-female,Lesbian,NotSubmitted,NA,Very good,Post-secondary,No,No,1,4,4,4,5,3,5,2,4,4,5,5,4,3,7,1,1,1,1,4,4,4,4,2,NA,3,1,1,1,1,1,1,1,5-Mar,"4,10",1,1,1,1,1,TRUE,1.333333333,25.7,74.63652564,ECA,MA,30-39,<1
English,Uganda,United States,2,0,5,NA,,MA,33,Cis-male,Gay,Submitted,NA,Very good,Post-secondary,No,No,2,5,5,4,5,3,5,2,3,4,5,5,2,3,8,3,2,3,1,4,3,4,5,2,NA,3,3,NA,1,1,2,1,1,11,"5,9",2,1,1,1,1,TRUE,2.5,37.3,75.13628425,ECA,MA,30-39,<1
English,Uganda,United States,2,0,5,NA,,MA,28,Cis-male,Gay,NotSubmitted,NA,Excellent,Post-secondary,No,No,1,3,3,2,4,1,1,1,1,4,2,3,1,2,6,3,3,3,2,4,2,2,3,1,1,3,1,1,1,2,2,1,1,5-Mar,"5,9,10",2,1,1,1,2,TRUE,1,40.5,63.62787964,ECA,MA,21-29,<1
English,Rwanda,United States,1,3,NA,NA,,MA,28,Cis-female,Lesbian,WorkPermit,NA,Very good,Post-secondary,No,Yes,4,4,4,4,4,3,4,2,5,5,5,2,5,4,NA,1,1,4,1,5,5,5,5,2,1,3,3,3,1,2,2,1,1,10-Jun,"2,4,6",1,1,1,1,1,TRUE,2.25,34,84.6120067,SSA,MA,21-29,4-Mar
English,Jamaica,United States,2,0,5,NA,,MA,21,Cis-male,Gay,NotSubmitted,NA,Excellent,Secondary,No,No,2,2,2,2,2,1,2,1,1,3,2,2,2,1,NA,4,4,4,4,3,2,1,1,2,3,3,3,3,1,1,1,2,2,5-Mar,3,3,3,3,2,2,FALSE,2.75,49,52.18357764,C,MA,21-29,<1
English,Kenya,United States,1,4,NA,NA,,CT,42,Cis-male,Gay,Granted,NA,Very good,Post-secondary,Yes,No,1,1,1,1,1,1,1,1,1,1,1,1,1,2,1,4,4,4,4,1,1,1,1,2,1,1,1,1,1,2,2,1,2,2-Jan,6,3,2,2,1,3,FALSE,1.25,49,38.1835606,ECA,CT,40-49,4-Mar
English,Uganda,United States,2,0,4,NA,,MA,30,Cis-male,Bisexual,Submitted,NA,Very good,Post-secondary,No,No,4,4,5,4,5,1,5,1,1,5,5,5,4,2,2,2,2,1,1,3,3,3,3,2,2,2,2,3,1,1,2,1,1,2-Jan,"4,5",2,1,1,1,1,TRUE,2.25,32.1,65.03181373,ECA,MA,30-39,<1
English,Cyprus,United States,2,0,7,NA,,NY,25,Cis-male,Bisexual,NotSubmitted,NA,Excellent,None,Yes,No,3,3,2,4,4,4,3,4,4,3,4,4,3,1,7,4,3,3,4,4,4,3,3,2,3,3,3,3,1,2,2,1,1,5-Mar,2,1,2,2,1,1,TRUE,2.75,45.4,70.3527085,ECA,NY,21-29,<1
English,Jamaica,United States,1,5,NA,NA,,MA,31,Cis-female,Bisexual,Granted,NA,Excellent,Post-secondary,Yes,No,1,4,5,5,5,1,1,2,5,4,4,5,3,2,7,5,5,5,5,4,4,5,5,NA,1,1,1,3,1,1,2,1,1,2-Jan,"4,5",3,2,2,1,2,TRUE,1.666666667,62,78.25654961,C,MA,30-39,6-May
English,Jamaica,United States,2,0,9,NA,,MA,17,Cis-male,Gay,Submitted,NA,Very good,Secondary,No,Yes,2,1,2,1,1,1,1,1,1,2,1,2,1,2,1,5,5,5,5,3,1,1,1,2,3,3,3,3,1,1,1,2,2,11,5,3,3,1,1,3,FALSE,2.75,62,48.69029076,C,MA,<21,<1
English,Burundi,United States,1,1.5,NA,NA,,NC,20,Cis-female,Heterosexual,Granted,NA,Fair,Secondary,No,Yes,3,3,2,2,2,1,1,1,1,2,1,1,2,3,NA,3,2,3,3,2,2,2,3,NA,NA,4,NA,NA,2,2,2,1,2,0,"1,3,5",3,3,3,3,3,FALSE,NA,40.5,57.32677793,SSA,NC,<21,2-Jan
English,Jamaica,United States,1,1,NA,NA,,NY,23,Transgender female,Gay,Submitted,NA,Excellent,Secondary,No,No,1,4,5,5,3,1,1,1,3,1,1,3,2,2,NA,2,1,2,1,4,5,5,5,3,3,2,3,3,1,1,2,2,2,5-Mar,"7,9",1,1,2,1,2,TRUE,3,32.1,80.23824196,C,NY,21-29,2-Jan
English,United States,United States,1,61,NA,NA,,WA,61,Other,Bisexual,NotSubmitted,NA,Excellent,Post-secondary,Yes,No,2,3,2,2,2,2,2,2,2,3,2,2,2,2,3,3,3,3,3,4,3,4,3,1,1,1,3,1,1,1,1,1,1,11,"4,9",2,1,1,1,2,TRUE,1.5,42.1,70.41496496,NA,WA,50-59,12
English,China,United States,1,26,NA,NA,,CA,27,Other,Bisexual,Granted,NA,Excellent,Post-secondary,Yes,Yes,2,4,4,4,4,3,4,3,3,2,2,3,3,3,6,2,2,2,2,4,4,4,4,1,NA,4,1,3,1,2,1,2,1,10-Jun,7,3,3,3,2,1,TRUE,1.666666667,35.7,74.63652564,A,CA,21-29,12
English,Jamaica,United States,1,4,NA,NA,,CA,30,Cis-male,Gay,WorkPermit,NA,Excellent,Post-secondary,Yes,Yes,2,2,2,2,4,2,4,2,1,5,5,5,4,2,6,3,3,3,2,3,3,3,4,3,3,3,3,3,1,1,2,2,2,10-Jun,"1,6,10",2,2,2,1,1,TRUE,3,40.5,67.95569734,C,CA,30-39,4-Mar
English,Jamaica,United States,1,5,NA,NA,,MA,28,Cis-male,Gay,Granted,NA,Excellent,Post-secondary,Yes,Yes,2,2,2,2,1,1,1,1,1,5,5,5,5,3,9,4,4,3,4,3,3,3,3,2,3,3,3,3,1,1,1,1,1,11,"2,4,6",1,1,1,1,1,TRUE,2.75,47.2,65.03181373,C,MA,21-29,6-May
English,United States,United States,1,33,NA,NA,,CA,33,Cis-female,Bisexual,NotSubmitted,NA,Very good,Secondary,Yes,No,3,3,3,3,2,1,2,1,3,4,3,3,3,3,5,4,4,4,4,3,2,1,2,1,1,4,1,3,1,1,1,1,1,5-Mar,"1,2,4",2,1,2,1,2,TRUE,1.5,49,55.60561467,NA,CA,30-39,12
English,Belize,United States,1,3,NA,NA,,FL,31,Cis-female,Bisexual,WorkPermit,NA,Very good,Secondary,Yes,No,4,3,2,3,3,4,2,3,3,2,2,2,2,3,8,4,3,2,3,3,3,3,3,1,1,1,3,3,1,1,1,1,1,5-Mar,"7,8,9",1,1,1,1,1,TRUE,2,42.1,65.03181373,LA,FL,30-39,4-Mar
English,United States,United States,1,27,NA,NA,,NY,27,Cis-male,Lesbian,NotSubmitted,NA,Excellent,Post-secondary,Yes,Yes,5,2,5,5,2,4,1,4,5,3,3,3,4,2,NA,3,3,3,3,2,2,3,2,2,1,1,1,2,1,1,2,2,1,2-Jan,3,2,2,1,3,3,TRUE,1.5,42.1,56.12456012,NA,NY,21-29,12
English,China,United States,1,6,NA,NA,,NY,28,Cis-male,Gay,NotSubmitted,NA,Good,Post-secondary,Yes,No,3,3,4,4,3,3,4,3,2,3,2,2,3,2,7,3,4,3,3,3,2,3,3,1,2,1,2,1,1,2,1,1,1,2-Jan,"4,8",1,1,1,1,1,TRUE,1.5,43.7,62.90514364,A,NY,21-29,6-May
English,Brazil,United States,1,6,NA,NA,,CA,27,Cis-female,Lesbian,Denied,1,Very good,Post-secondary,Yes,No,2,3,3,4,3,4,4,4,2,3,2,2,3,3,6,3,3,3,3,3,4,3,4,2,2,1,2,2,1,1,1,1,1,2-Jan,"2,4",1,1,1,1,1,TRUE,2,42.1,69.86565071,LA,CA,21-29,6-May
English,Panama,United States,1,10,NA,NA,,FL,35,Transgender female,Bisexual,Granted,NA,Very good,Post-secondary,Yes,No,2,2,3,2,2,3,4,2,1,2,2,2,2,3,7,2,3,4,3,3,3,3,3,2,3,4,NA,3,1,1,1,1,1,10-Jun,"7,8",2,1,1,1,1,TRUE,2.666666667,42.1,65.03181373,A,FL,30-39,10-Sep
English,United States,United States,1,30,NA,NA,,MA,30,Cis-female,Lesbian,Granted,NA,Very good,Post-secondary,Yes,No,2,3,3,2,2,2,2,2,2,3,4,3,2,3,6,3,3,4,3,3,3,3,3,2,2,2,2,3,1,1,1,1,1,2-Jan,"7,8",1,1,1,1,1,TRUE,2.25,43.7,65.03181373,NA,MA,30-39,12
English,United States,United States,1,7,NA,NA,,KY,24,Cis-female,Lesbian,NotSubmitted,NA,Excellent,Post-secondary,Yes,Yes,1,2,2,2,1,1,1,1,3,1,1,2,1,2,3,4,4,4,2,2,1,1,1,1,1,1,1,3,1,1,1,1,1,5-Mar,"2,4,8",1,1,1,1,2,FALSE,1.5,45.4,46.39523433,NA,KY,21-29,8-Jul
English,Australia,United States,1,3,NA,NA,,NY,27,Cis-female,Lesbian,Granted,NA,Very good,Post-secondary,Yes,No,2,3,3,3,2,3,3,3,1,2,2,2,2,2,4,4,4,4,2,3,2,3,2,2,2,3,2,3,1,2,2,1,1,5-Mar,"5,7,8",1,1,1,1,1,TRUE,2.25,45.4,59.71742824,NA,NY,21-29,4-Mar
English,Argentina,United States,1,4,NA,NA,,NV,24,Cis-male,Gay,WorkPermit,NA,Good,Post-secondary,Yes,No,3,2,3,2,2,2,2,3,2,2,3,2,2,2,4,3,4,4,2,3,2,3,2,3,2,3,2,3,1,2,2,1,1,2-Jan,"5,8",2,1,1,1,1,TRUE,2.5,43.7,59.71742824,LA,NV,21-29,4-Mar
English,United States,United States,1,33,NA,NA,,AZ,33,Cis-male,Gay,WorkPermit,NA,Very good,Post-secondary,Yes,No,1,2,2,1,2,1,1,2,1,2,3,2,2,2,6,3,3,3,3,3,2,3,3,1,1,1,1,1,1,1,1,1,1,2-Jan,"4,7,8",1,1,1,1,1,TRUE,1,42.1,62.90514364,NA,AZ,30-39,12
English,United States,United States,1,27,NA,NA,,CT,27,Cis-male,Gay,Granted,NA,Very good,Post-secondary,Yes,No,1,1,2,2,2,1,3,3,1,2,3,2,2,2,7,3,3,3,3,3,3,3,3,1,2,1,1,1,1,1,1,1,1,2-Jan,"2,4,8",1,1,1,1,1,TRUE,1.25,42.1,65.03181373,NA,CT,21-29,12
English,Argentina,United States,1,2,NA,NA,,CA,26,Cis-female,Lesbian,WorkPermit,NA,Good,Post-secondary,Yes,No,3,2,2,3,3,2,3,3,2,3,2,3,2,2,4,3,4,4,2,3,2,2,2,3,2,3,3,3,1,2,1,1,1,2-Jan,8,1,1,1,1,1,TRUE,2.75,43.7,57.76862346,LA,CA,21-29,2-Jan
English,Italy,United States,1,3,NA,NA,,IL,29,Cis-female,Lesbian,Granted,NA,Good,Post-secondary,Yes,No,3,2,3,2,2,2,3,3,2,3,2,2,3,3,5,4,4,4,4,3,2,2,2,3,3,3,2,2,1,1,1,1,1,2-Jan,"4,7",1,1,1,1,1,TRUE,2.5,49,57.76862346,C,IL,21-29,4-Mar
English,United States,United States,1,36,NA,NA,,MN,36,Cis-male,Bisexual,Granted,NA,Very good,Post-secondary,Yes,No,1,2,2,1,2,1,2,1,1,3,2,2,2,2,4,3,3,4,3,3,4,4,3,1,1,1,1,1,1,1,1,1,1,2-Jan,"7,8",1,1,1,1,1,FALSE,1,43.7,68.79744712,NA,MN,30-39,12
English,United States,United States,1,39,NA,NA,,NY,39,Cis-female,Bisexual,Granted,NA,Very good,Post-secondary,Yes,No,2,2,2,2,2,3,2,2,2,3,3,3,2,2,6,3,4,4,4,3,3,3,3,2,2,2,2,2,1,1,1,1,1,2-Jan,"4,7,8",1,1,1,1,1,TRUE,2,47.2,65.03181373,NA,NY,30-39,12
English,United States,United States,1,10,NA,NA,,CA,28,Cis-female,Lesbian,WorkPermit,NA,Good,Post-secondary,Yes,Yes,2,3,3,4,4,3,3,2,2,3,3,4,3,2,6,4,4,4,3,3,2,2,4,3,1,1,1,3,1,2,1,1,1,5-Mar,"3,6,8",1,1,1,1,2,TRUE,2,47.2,63.17116778,NA,CA,21-29,10-Sep
English,United States,United States,1,5,NA,NA,,NY,21,Cis-male,Bisexual,Granted,NA,Good,Post-secondary,Yes,Yes,1,1,2,1,2,2,2,2,1,2,2,2,2,2,6,3,2,4,3,3,3,3,3,1,1,1,1,1,1,1,1,1,1,2-Jan,"4,7,8",2,2,1,1,1,TRUE,1,42.1,65.03181373,NA,NY,21-29,6-May
English,United States,United States,1,5,NA,NA,,CA,25,Cis-male,Gay,NotSubmitted,NA,Good,Post-secondary,Yes,Yes,2,3,4,4,3,3,2,2,1,3,3,2,3,2,7,3,2,4,4,2,2,3,3,3,1,1,1,3,1,1,1,1,1,5-Mar,"3,4,6",1,1,1,1,1,TRUE,2,43.7,59.23993915,NA,CA,21-29,6-May
English,Great Britain & Northern Ireland,United States,1,3,NA,NA,,LA,21,Cis-female,Bisexual,Submitted,NA,Very good,Post-secondary,Yes,Yes,1,2,3,2,2,2,2,2,2,2,2,3,2,3,7,3,4,4,4,3,3,3,3,1,1,1,1,1,1,1,1,1,1,2-Jan,"4,7,8",1,1,1,1,1,TRUE,1,47.2,65.03181373,LA,LA,21-29,4-Mar
English,United States,United States,1,4,NA,NA,,NY,26,Cis-female,Lesbian,Submitted,NA,Very good,Post-secondary,Yes,Yes,2,2,4,3,3,2,3,2,1,3,2,2,2,2,6,2,3,3,4,3,2,3,3,3,3,1,3,3,1,1,2,1,1,5-Mar,"1,4,6",1,1,1,1,2,TRUE,3,42.1,62.90514364,NA,NY,21-29,4-Mar
English,Canada,United States,1,8,NA,NA,,KA,30,Cis-male,Gay,Granted,NA,Very good,Post-secondary,Yes,No,1,1,2,2,2,1,1,2,1,3,2,3,3,2,7,3,4,4,3,3,3,3,3,2,2,2,2,2,1,1,1,1,1,2-Jan,"4,7,8",1,1,1,1,1,TRUE,2,45.4,65.03181373,NA,KA,30-39,8-Jul
English,United States,United States,1,6,NA,NA,,CT,30,Cis-male,Gay,WorkPermit,NA,Very good,Post-secondary,Yes,Yes,2,3,4,2,2,3,4,2,2,2,2,3,2,2,4,3,4,4,3,2,2,3,3,3,1,1,1,3,1,2,2,1,1,5-Mar,"2,3,4",1,1,1,1,1,TRUE,2,45.4,59.23993915,NA,CT,30-39,6-May
English,United States,United States,1,10,NA,NA,,CA,32,Cis-male,Gay,Granted,NA,Good,Post-secondary,Yes,No,2,2,3,3,3,3,3,3,2,2,2,3,2,2,7,2,2,3,2,2,2,3,2,2,2,2,2,2,1,1,1,1,1,2-Jan,"4,7,8",1,1,1,1,1,TRUE,2,37.3,56.12456012,NA,CA,30-39,10-Sep
English,United States,United States,1,6,NA,NA,,CT,30,Cis-female,Lesbian,Granted,NA,Very good,Post-secondary,Yes,No,3,4,3,3,3,4,3,1,2,4,3,3,2,2,NA,3,2,3,2,4,2,3,4,3,1,1,1,3,1,2,2,1,1,5-Mar,"2,3,4",1,1,1,1,2,TRUE,2,38.9,69.76639725,NA,CT,30-39,6-May
English,Canada,United States,1,13,NA,NA,,OK,36,Cis-female,Lesbian,NotSubmitted,NA,Good,Post-secondary,Yes,No,2,3,3,2,2,2,3,3,3,3,3,3,2,2,6,3,3,3,3,3,3,3,3,1,1,1,1,1,1,1,1,1,1,2-Jan,"4,7,8",1,1,1,1,1,TRUE,1,42.1,65.03181373,NA,OK,30-39,12
English,Australia,United States,1,10,NA,NA,,ID,36,Cis-female,Bisexual,NotSubmitted,NA,Good,Post-secondary,Yes,No,2,2,2,2,3,3,2,2,2,3,2,2,2,2,4,3,3,4,3,3,3,4,3,2,2,2,2,2,1,1,1,1,1,2-Jan,"4,7,8",1,1,1,1,1,TRUE,2,43.7,66.75941204,NA,ID,30-39,10-Sep
English,Australia,United States,1,9,NA,NA,,HI,47,Cis-female,Lesbian,NotSubmitted,NA,Good,Secondary,Yes,No,2,2,3,2,2,2,3,3,2,3,3,3,2,2,4,3,3,3,3,3,2,3,3,2,2,2,2,2,1,1,1,1,1,2-Jan,"4,7,8",1,2,2,1,1,TRUE,2,42.1,62.90514364,NA,HI,40-49,10-Sep
English,United States,United States,1,26,NA,NA,,CA,26,Transgender female,Lesbian,WorkPermit,NA,Excellent,Post-secondary,Yes,No,4,3,4,2,3,4,2,4,2,4,2,4,3,2,3,4,5,3,3,4,5,3,2,3,3,3,3,1,1,1,1,1,1,5-Mar,"2,6,7",1,2,1,1,1,TRUE,2.5,47.2,68.74539443,NA,CA,21-29,12
English,Ukraine,United States,1,3,NA,NA,,FL,37,Cis-male,Gay,WorkPermit,NA,Very good,Post-secondary,Yes,No,3,3,3,3,3,3,3,3,3,2,2,2,2,3,3,3,3,3,3,3,3,3,3,1,3,4,NA,3,1,1,1,1,1,5-Mar,"7,8",2,1,1,1,1,TRUE,2.333333333,42.1,65.03181373,NA,FL,30-39,4-Mar
English,South Korea,United States,1,4,NA,NA,,FL,28,Cis-female,Lesbian,Granted,NA,Good,Secondary,Yes,No,3,3,2,4,3,3,2,3,2,1,3,2,2,2,NA,2,3,4,4,3,2,2,3,2,3,4,3,3,1,1,1,1,1,5-Mar,"6,8,9",3,1,1,1,1,TRUE,2.75,43.7,60.73225499,MENA,FL,21-29,4-Mar
English,Uruguay,United States,1,7,NA,NA,,FL,31,Cis-female,Bisexual,NotSubmitted,NA,Very good,Post-secondary,Yes,No,3,2,4,3,2,2,2,2,1,1,2,2,3,3,4,3,3,3,3,3,4,3,3,3,3,4,3,3,1,1,1,1,1,5-Mar,"3,6,7",2,1,1,1,1,TRUE,3,42.1,66.82204289,LA,FL,30-39,8-Jul
English,Russia,United States,1,4,NA,NA,,NY,36,Cis-male,Gay,Granted,NA,Good,Post-secondary,No,No,1,2,2,2,3,2,2,2,1,1,1,2,1,2,6,4,4,4,5,3,2,2,2,1,3,4,3,3,1,1,1,2,1,10-Jun,"3,9",2,3,2,1,3,TRUE,2.5,50.8,57.76862346,ECA,NY,30-39,4-Mar
English,Russia,United States,1,5,NA,NA,,NY,30,Other,Other,Granted,NA,Very good,Post-secondary,No,No,1,4,3,2,4,2,5,3,2,2,1,2,2,1,7,5,5,5,5,3,3,2,4,3,3,4,NA,3,1,1,2,2,2,10-Jun,"2,7,8",1,1,1,1,2,TRUE,3,62,65.62902714,ECA,NY,30-39,6-May
English,Belarus,United States,1,5,NA,NA,,NY,31,Cis-male,Gay,Granted,NA,Very good,Post-secondary,Yes,No,1,3,5,1,4,1,4,2,5,1,1,3,3,2,6,2,2,1,1,4,4,4,4,1,1,4,3,3,1,2,2,1,2,2-Jan,7,2,2,2,1,1,TRUE,2,32.1,74.63652564,ECA,NY,30-39,6-May
English,Nigeria,United States,1,2,NA,NA,,NJ,32,Cis-female,Bisexual,WorkPermit,NA,Very good,Post-secondary,Yes,No,5,4,5,5,5,4,5,2,5,5,5,4,5,4,8,2,3,2,2,3,3,3,3,2,1,1,2,1,1,1,1,1,1,2-Jan,10,1,2,1,1,1,TRUE,1.5,37.3,65.03181373,LA,NJ,30-39,2-Jan
English,Indonesia,United States,1,15,NA,NA,,NY,27,Cis-male,Gay,Granted,NA,Excellent,Post-secondary,Yes,Yes,1,2,2,2,1,1,1,1,1,1,1,1,1,2,NA,4,4,3,4,3,3,2,3,1,3,1,1,3,1,1,1,2,2,11,"6,7,8",1,2,1,1,1,FALSE,2,47.2,62.83565092,MENA,NY,21-29,12
English,Venezuela,United States,1,4,NA,NA,,NY,39,Cis-male,Gay,WorkPermit,NA,Very good,Post-secondary,Yes,No,1,4,5,4,3,3,4,1,3,3,3,1,2,3,7,3,2,4,4,3,3,3,4,1,1,4,NA,3,1,1,1,2,1,5-Mar,"2,8",3,1,2,1,2,TRUE,1.666666667,43.7,67.95569734,LA,NY,30-39,4-Mar
English,Ghana,United States,1,5,NA,NA,,NY,33,Cis-male,Gay,Granted,NA,Excellent,Post-secondary,Yes,No,5,5,5,5,5,5,5,5,5,5,5,5,5,1,7,3,5,1,3,5,5,5,5,1,1,1,1,1,1,1,1,2,1,10-Jun,2,1,1,1,1,1,TRUE,1,42.1,84.6120067,SSA,NY,30-39,6-May
English,Russia,United States,1,10,NA,NA,,NY,30,Cis-male,Gay,Granted,NA,Very good,Post-secondary,Yes,No,3,4,4,4,4,4,5,5,5,3,2,4,3,2,8,3,3,4,3,2,2,2,2,1,3,4,3,3,1,1,1,1,1,11,3,1,1,1,1,1,TRUE,2.5,43.7,54.60541888,ECA,NY,30-39,10-Sep
English,Jamaica,United States,1,8,NA,NA,,NY,40,Cis-male,Gay,Granted,NA,Excellent,Post-secondary,Yes,Yes,1,1,1,1,1,1,1,1,1,1,1,1,1,2,1,1,2,2,2,2,2,1,1,2,1,1,2,2,1,2,2,1,1,10-Jun,7,1,1,1,1,1,FALSE,1.75,34,49.23221067,C,NY,40-49,8-Jul
English,Jamaica,United States,1,2,NA,NA,,NY,29,Cis-male,Gay,WorkPermit,NA,Very good,Post-secondary,Yes,No,1,3,3,2,2,1,1,1,1,4,4,5,4,2,3,5,5,5,5,3,2,4,4,2,1,1,2,3,1,1,1,1,1,5-Mar,2,2,1,2,1,1,TRUE,2,62,67.96694866,C,NY,21-29,2-Jan
English,Croatia,United States,1,4,NA,NA,,NY,23,Cis-male,Gay,WorkPermit,NA,Excellent,Post-secondary,Yes,No,1,4,4,4,4,1,4,4,3,3,3,3,3,1,7,4,3,2,3,5,5,5,4,3,2,1,3,3,2,2,1,2,2,0,"3,7,9",2,2,2,1,2,TRUE,2.75,42.1,80.67682478,ECA,NY,21-29,4-Mar
English,Jamaica,United States,1,2,NA,NA,,NY,26,Cis-male,Gay,WorkPermit,NA,Excellent,Post-secondary,Yes,No,1,3,2,4,1,1,1,1,1,1,1,1,1,2,3,3,3,5,2,3,3,4,3,2,3,1,3,3,1,1,1,1,2,0,7,1,3,2,1,3,FALSE,2.75,43.7,66.75941204,C,NY,21-29,2-Jan
English,Colombia,United States,1,5,NA,NA,,NJ,29,Cis-male,Gay,WorkPermit,NA,Excellent,Post-secondary,Yes,No,4,3,5,2,1,1,1,4,2,2,1,4,1,2,NA,5,5,5,5,3,3,2,3,3,3,4,3,3,1,1,1,1,1,11,"1,2,3",2,2,2,2,2,TRUE,3,62,62.83565092,LA,NJ,21-29,6-May
English,Zimbabwe,United States,1,4,NA,NA,,MD,34,Cis-male,Gay,Granted,NA,Very good,Secondary,Yes,Yes,1,4,4,4,5,1,5,5,5,4,5,5,4,2,6,1,1,1,1,5,3,5,4,2,1,1,1,2,1,1,2,1,1,2-Jan,2,2,1,1,1,1,TRUE,1.5,25.7,77.00844274,SSA,MD,30-39,4-Mar
English,Mexico,United States,1,27,NA,NA,,NY,30,Other,Heterosexual,Granted,NA,Excellent,Post-secondary,Yes,Yes,3,1,5,2,4,1,1,4,1,5,2,1,2,2,1,5,5,5,5,1,1,1,1,3,3,4,3,3,1,1,2,1,1,11,"1,7,9",3,3,3,3,3,TRUE,3,62,38.1835606,SSA,NY,30-39,12
English,Uzbekistan,United States,1,1,NA,NA,,NY,28,Cis-male,Gay,WorkPermit,NA,Very good,Post-secondary,Yes,No,1,2,3,3,1,2,2,2,1,2,2,2,1,3,4,3,4,4,5,3,2,3,3,2,3,4,3,3,1,2,2,1,2,10-Jun,"4,9,10",2,3,1,1,2,TRUE,2.75,49,62.90514364,ECA,NY,21-29,2-Jan
English,Syria,United States,1,2,NA,NA,,FL,21,Cis-male,Gay,NotSubmitted,NA,Excellent,Post-secondary,Yes,Yes,2,4,5,4,3,1,3,4,1,5,5,5,3,2,4,4,4,2,4,5,5,5,5,2,3,4,3,3,2,2,2,1,1,5-Mar,"6,9",1,1,1,2,1,TRUE,2.75,45.4,84.6120067,MENA,FL,21-29,2-Jan
English,Jamaica,United States,1,10,NA,NA,,NY,29,Transgender female,Gay,WorkPermit,NA,Excellent,Secondary,Yes,No,1,1,1,1,1,1,1,1,1,1,1,1,1,3,1,5,5,5,5,2,1,1,1,1,3,3,3,2,1,2,1,1,1,11,"2,4,8",1,1,1,1,1,FALSE,2.25,62,46.39523433,C,NY,21-29,10-Sep
English,Kyrgyzstan,United States,1,4,NA,NA,,NY,42,Cis-male,Gay,WorkPermit,NA,Very good,Post-secondary,Yes,No,3,3,5,5,5,3,5,4,5,4,3,5,4,2,6,4,3,4,4,4,3,3,4,1,1,1,3,3,2,2,1,1,1,5-Mar,"2,9",1,1,2,1,1,TRUE,2,47.2,71.30288319,SSA,NY,40-49,4-Mar
English,Germany,United States,1,4,NA,NA,,NJ,40,Cis-male,Gay,Denied,1,Good,Post-secondary,Yes,No,3,4,4,4,3,2,3,3,4,5,3,2,2,3,7,2,3,2,2,4,3,4,5,2,3,4,3,3,1,1,1,1,2,5-Mar,"6,9",1,3,1,1,1,TRUE,2.75,37.3,75.13628425,NA,NJ,40-49,4-Mar
English,Serbia,United States,1,2,NA,NA,,CA,36,Cis-male,Gay,WorkPermit,NA,Very good,Secondary,Yes,No,1,1,4,2,1,1,2,1,1,1,2,3,1,3,3,4,4,4,4,2,2,2,2,1,1,4,3,3,1,2,2,1,2,10-Jun,"2,8,9",3,3,1,1,1,FALSE,2,49,54.60541888,ECA,CA,30-39,2-Jan
English,Serbia,United States,1,2,NA,NA,,CA,31,Cis-male,Gay,WorkPermit,NA,Very good,Post-secondary,Yes,No,1,1,4,2,1,1,2,1,1,1,2,2,1,2,2,4,4,4,4,2,1,2,1,1,NA,4,3,3,1,2,2,1,2,10-Jun,"2,8,9",1,3,1,1,1,FALSE,2.333333333,49,49.49025749,ECA,CA,30-39,2-Jan
English,Uganda,United States,1,8,NA,NA,,MA,34,Cis-female,Lesbian,Granted,NA,Excellent,Post-secondary,Yes,No,1,5,5,5,5,5,5,5,5,5,4,4,5,3,8,3,2,2,2,5,5,5,5,2,3,4,1,3,1,2,1,1,1,2-Jan,6,1,1,1,1,1,TRUE,2.25,37.3,84.6120067,ECA,MA,30-39,8-Jul
English,Tunisia,United States,1,3,NA,NA,,NY,33,Cis-male,Gay,WorkPermit,NA,Excellent,Post-secondary,Yes,No,3,3,5,3,5,2,3,4,1,4,4,5,1,1,7,5,5,5,5,5,4,4,4,2,2,3,1,3,1,2,2,1,2,2-Jan,"4,7,10",1,3,1,1,1,TRUE,2,62,77.02988736,MENA,NY,30-39,4-Mar
English,Jamaica,United States,1,2,NA,NA,,NY,30,Cis-male,Bisexual,WorkPermit,NA,Excellent,Post-secondary,Yes,Yes,2,5,5,5,5,5,1,1,3,5,3,5,5,2,9,1,1,2,1,5,5,5,5,2,2,1,1,1,2,2,1,1,1,2-Jan,"7,10",1,1,1,1,1,TRUE,1.5,29.9,84.6120067,C,NY,30-39,2-Jan
English,Uganda,United States,1,8,NA,NA,,CA,27,Cis-female,Lesbian,WorkPermit,NA,Excellent,Post-secondary,Yes,No,3,5,5,5,5,2,2,2,5,3,3,5,5,3,NA,3,2,3,2,4,4,4,4,2,3,1,1,1,2,2,2,2,2,2-Jan,"3,4",2,2,2,2,2,TRUE,1.75,38.9,74.63652564,ECA,CA,21-29,8-Jul
English,Russia,United States,1,2,NA,NA,,DC,23,Cis-male,Gay,WorkPermit,NA,Very good,Post-secondary,Yes,No,3,4,4,3,3,1,2,2,1,3,1,2,2,2,3,3,3,4,3,4,3,4,3,3,3,4,3,3,1,1,1,1,2,5-Mar,"1,2,7",1,3,2,2,1,TRUE,3,43.7,70.41496496,ECA,DC,21-29,2-Jan
English,Kazakhstan,United States,1,3,NA,NA,,NY,28,Cis-male,Gay,WorkPermit,NA,Very good,Post-secondary,Yes,No,2,4,4,4,5,3,3,3,2,4,5,5,5,3,7,2,2,2,2,4,4,4,5,2,3,1,3,3,1,1,1,1,1,2-Jan,"4,7,9",1,1,1,1,1,TRUE,2.75,35.7,76.7252485,SSA,NY,21-29,4-Mar
English,Turkey,United States,1,5,NA,NA,,NY,30,Cis-male,Gay,WorkPermit,NA,Excellent,Post-secondary,Yes,No,1,2,4,4,3,3,4,3,2,3,3,4,3,2,8,4,4,4,4,2,2,3,3,3,3,4,NA,3,1,1,1,1,2,10-Jun,"1,7",1,2,2,1,2,TRUE,3,49,59.23993915,SSA,NY,30-39,6-May
English,Russia,United States,1,12,NA,NA,,DC,32,Cis-male,Gay,Granted,NA,Excellent,Post-secondary,Yes,No,1,5,5,5,4,2,5,4,3,2,2,4,1,2,3,4,4,3,3,4,4,4,5,2,3,4,NA,3,1,2,1,2,2,10-Jun,"7,8",3,3,2,1,1,TRUE,2.666666667,45.4,76.7252485,ECA,DC,30-39,12-Nov
English,Jamaica,United States,1,4,NA,NA,,FL,34,Cis-male,Gay,WorkPermit,NA,Excellent,Post-secondary,Yes,No,3,5,3,5,5,1,5,3,3,3,3,4,2,3,6,5,5,5,5,3,3,3,3,2,3,4,3,3,1,1,1,2,2,11,"2,7,8",1,1,1,1,1,TRUE,2.75,62,65.03181373,C,FL,30-39,4-Mar
English,Russia,United States,1,4,NA,NA,,TX,36,Cis-male,Gay,Granted,NA,Very good,Post-secondary,No,No,2,2,2,1,1,1,2,1,1,2,1,2,2,2,3,4,3,3,4,3,2,2,1,1,3,4,3,3,1,1,1,1,1,11,"2,3,7",1,1,1,1,2,FALSE,2.5,45.4,55.28358637,ECA,TX,30-39,4-Mar
English,Iran,United States,1,11,NA,NA,,MA,29,Other,Bisexual,Granted,NA,Very good,Post-secondary,Yes,No,2,3,5,5,5,2,3,4,4,5,4,5,5,3,8,3,4,2,3,4,5,3,3,3,3,4,3,3,1,2,1,2,1,5-Mar,"2,7",1,1,2,1,3,TRUE,3,42.1,71.30237746,MENA,MA,21-29,12-Nov
English,Georgia,United States,1,5,NA,NA,,NY,32,Cis-male,Gay,Granted,NA,Very good,Post-secondary,Yes,No,2,2,2,2,2,2,2,2,5,5,5,2,2,2,4,5,5,5,5,2,2,3,2,2,3,4,3,3,1,1,1,1,1,11,"2,3,8",2,1,1,1,1,TRUE,2.75,62,56.12456012,ECA,NY,30-39,6-May
English,Iran,United States,1,9,NA,NA,,CA,32,Cis-female,Lesbian,Granted,NA,Excellent,Post-secondary,Yes,No,2,3,4,3,3,2,5,4,4,4,4,2,4,2,7,4,4,4,4,3,3,2,3,2,3,4,3,3,1,1,1,2,1,11,"2,6",3,3,3,1,2,TRUE,2.75,49,62.83565092,MENA,CA,30-39,10-Sep
English,Russia,United States,1,9,NA,NA,,CA,31,Cis-male,Gay,Granted,NA,Excellent,Post-secondary,Yes,No,1,4,5,4,1,1,2,1,1,1,1,1,1,2,2,1,1,3,2,4,4,4,4,2,3,4,1,NA,2,2,2,1,1,0,9,1,2,1,2,1,TRUE,2,34,74.63652564,ECA,CA,30-39,10-Sep
English,Uganda,United States,1,2,NA,NA,,MA,26,Cis-male,Bisexual,WorkPermit,NA,Excellent,Post-secondary,Yes,No,2,4,4,4,4,3,4,3,4,4,3,3,1,3,6,2,2,2,1,4,4,4,5,2,1,1,1,1,2,1,2,1,1,2-Jan,4,1,2,1,1,1,TRUE,1.25,34,76.7252485,ECA,MA,21-29,2-Jan
English,Georgia,United States,1,2,NA,NA,,NY,28,Cis-male,Gay,WorkPermit,NA,Very good,Post-secondary,Yes,No,4,5,4,3,2,2,2,1,4,3,2,2,1,2,6,2,2,4,3,4,4,5,4,2,3,4,3,NA,2,2,2,1,2,0,"2,6",3,2,1,1,1,TRUE,2.666666667,40.5,75.74661962,ECA,NY,21-29,2-Jan
English,Belarus,United States,1,3,NA,NA,,CA,26,Cis-male,Bisexual,Granted,NA,Excellent,Post-secondary,Yes,No,1,1,5,1,1,1,1,1,1,1,2,2,2,1,3,4,4,4,4,1,1,2,1,2,1,4,1,1,1,2,2,1,2,5-Mar,"1,7",3,2,3,3,3,FALSE,1.25,49,44.66432944,ECA,CA,21-29,4-Mar
English,Nigeria,United States,1,2,NA,NA,,NY,37,Cis-male,Bisexual,WorkPermit,NA,Excellent,Post-secondary,Yes,No,2,3,4,2,2,3,1,2,1,1,1,1,2,2,6,4,4,3,3,3,2,2,2,1,1,1,1,1,1,1,1,2,2,10-Jun,"3,4,7",2,1,2,1,1,TRUE,1,45.4,57.76862346,LA,NY,30-39,2-Jan
English,Russia,United States,1,9,NA,NA,,NY,29,Other,Other,Granted,NA,Very good,Secondary,Yes,No,2,4,5,3,1,2,3,5,1,2,3,2,3,1,3,4,4,4,4,2,3,1,2,2,3,4,3,3,1,2,2,1,1,5-Mar,"2,7",1,1,1,1,1,TRUE,2.75,49,54.27401354,ECA,NY,21-29,10-Sep
English,Nigeria,Canada,1,1,NA,ON,Toronto,NA,37,Cis-male,Bisexual,Granted,NA,Excellent,Post-secondary,No,Yes,4,5,5,4,5,4,5,4,5,5,5,5,4,3,9,3,2,4,2,3,3,4,3,3,3,4,3,3,1,2,2,1,2,5-Mar,"1,2",3,2,1,1,1,TRUE,3,40.5,66.75941204,LA,ON,30-39,2-Jan
English,Jamaica,United States,1,4,NA,NA,,NY,32,Cis-male,Gay,WorkPermit,NA,Excellent,Post-secondary,No,No,5,5,4,5,3,4,4,3,1,4,5,5,4,3,8,2,2,3,2,3,3,4,4,1,1,1,2,1,1,2,2,1,1,2-Jan,4,3,1,2,1,2,TRUE,1.25,37.3,69.91168744,C,NY,30-39,4-Mar
English,Nigeria,United States,1,3,NA,NA,,CA,37,Cis-male,Gay,WorkPermit,NA,Excellent,Post-secondary,Yes,No,2,2,4,3,3,2,3,1,4,4,4,3,4,2,7,4,4,4,3,3,3,3,4,2,1,4,3,1,1,1,1,1,1,5-Mar,"2,10",1,1,1,1,2,TRUE,1.75,47.2,67.95569734,LA,CA,30-39,4-Mar
English,Turkey,United States,1,7,NA,NA,,NY,35,Cis-male,Gay,Granted,NA,Excellent,Post-secondary,Yes,No,5,2,4,5,5,4,4,3,5,4,5,4,4,3,7,2,2,2,3,4,5,5,4,2,1,1,NA,1,1,2,2,2,2,2-Jan,4,2,3,1,1,1,TRUE,1.333333333,37.3,77.25074563,SSA,NY,30-39,8-Jul
English,Dominican Republic,United States,1,10,NA,NA,,NC,29,Transgender male,Heterosexual,Granted,NA,Very good,Post-secondary,Yes,No,4,2,3,2,2,1,1,2,1,1,3,2,2,1,1,5,5,5,5,2,1,1,3,2,3,3,3,3,1,1,1,1,1,5-Mar,"2,4,9",1,1,1,1,1,TRUE,2.75,62,52.71184546,C,NC,21-29,10-Sep
English,Kyrgyzstan,United States,1,10,NA,NA,,NY,26,Cis-male,Gay,Granted,NA,Excellent,Post-secondary,Yes,No,1,2,3,2,3,2,3,3,2,4,4,4,3,2,3,2,5,3,3,3,2,2,3,2,3,4,3,3,1,2,2,2,2,11,"6,9",2,3,1,1,1,TRUE,2.75,43.7,60.73225499,SSA,NY,21-29,10-Sep
English,Jamaica,United States,1,3,NA,NA,,NJ,29,Cis-female,Lesbian,Granted,NA,Excellent,Post-secondary,Yes,No,3,3,4,4,3,1,1,4,1,2,1,3,1,1,7,3,2,2,3,2,2,4,3,2,3,4,NA,NA,1,2,1,1,2,2-Jan,2,2,3,2,1,2,TRUE,2.5,38.9,60.18499113,C,NJ,21-29,4-Mar
English,China,United States,1,8,NA,NA,,NJ,30,Transgender male,Heterosexual,WorkPermit,NA,Excellent,Post-secondary,Yes,No,1,4,5,4,4,1,4,4,1,4,3,4,5,1,8,3,3,4,4,4,4,2,3,2,2,4,1,1,2,2,1,2,2,0,"2,7",2,3,3,1,1,TRUE,1.5,45.4,68.24220938,A,NJ,30-39,8-Jul
English,Kazakhstan,United States,1,25,NA,NA,,CA,28,Cis-female,Lesbian,WorkPermit,NA,Very good,Post-secondary,Yes,No,1,1,1,1,1,1,1,1,1,5,5,1,1,1,1,5,5,5,5,1,1,1,1,1,3,4,3,3,1,1,1,2,2,5-Mar,2,NA,NA,NA,NA,NA,FALSE,2.5,62,38.1835606,SSA,CA,21-29,12
French,Burundi,United States,1,5,NA,NA,,ME,25,Cis-female,Bisexual,Granted,NA,Very good,Post-secondary,Yes,Yes,1,1,1,1,2,1,2,1,1,1,1,2,1,1,1,5,5,5,5,2,2,1,2,3,1,1,1,1,1,1,1,1,1,10-Jun,"2,3,5",1,1,2,1,1,FALSE,1.5,62,52.3956519,SSA,ME,21-29,6-May
French,Senegal,United States,1,18,NA,NA,,NY,38,Cis-female,Lesbian,Submitted,NA,Good,Secondary,No,No,5,5,5,5,5,5,5,5,5,5,5,5,5,5,9,2,2,2,1,5,5,5,5,2,1,2,2,3,1,2,2,2,2,0,4,1,1,1,1,1,TRUE,2,34,84.6120067,SSA,NY,30-39,12
French,Burundi,United States,1,6,NA,NA,,MA,40,Transgender female,Lesbian,Denied,1,Good,Post-secondary,Yes,No,1,4,4,1,1,1,1,1,3,4,5,4,4,2,7,2,1,1,1,3,3,2,4,2,1,1,2,1,2,1,1,1,1,5-Mar,2,3,2,1,2,2,TRUE,1.5,29.9,65.62902714,SSA,MA,40-49,6-May
French,Mali,United States,1,19,NA,NA,,CA,30,Cis-female,Lesbian,WorkPermit,NA,Very good,Post-secondary,Yes,Yes,1,5,5,5,5,5,5,5,5,4,4,3,3,2,9,3,3,3,2,5,5,5,5,2,3,2,3,3,1,2,2,2,2,2-Jan,4,3,3,3,3,2,TRUE,2.75,40.5,84.6120067,LA,CA,30-39,12
French,Senegal,Canada,1,8,NA,ON,Toronto,NA,26,Cis-male,Gay,Granted,NA,Very good,Post-secondary,Yes,No,1,1,3,3,2,2,1,1,1,3,1,1,1,2,4,3,4,4,4,3,3,2,3,2,3,1,3,1,1,1,1,1,1,11,"1,6,8",1,1,1,1,1,FALSE,2.25,47.2,62.83565092,SSA,ON,21-29,8-Jul
French,Tunisia,United States,1,4,NA,NA,,CA,38,Cis-female,Bisexual,Submitted,NA,Good,Post-secondary,No,No,1,3,5,5,3,2,4,4,4,1,4,2,2,3,7,4,4,4,4,2,2,1,1,2,1,1,3,1,1,2,1,2,1,2-Jan,"2,7,9",1,1,1,1,1,TRUE,1.75,49,49.23221067,MENA,CA,30-39,4-Mar
Spanish,Cuba,United States,1,5,NA,NA,,FL,26,Cis-male,Gay,WorkPermit,NA,Very good,Post-secondary,Yes,No,3,2,4,2,3,2,2,2,2,2,2,2,2,3,4,3,3,2,3,3,4,4,4,2,3,1,NA,1,1,1,1,1,1,2-Jan,7,1,1,1,1,1,TRUE,2,40.5,71.79712481,C,FL,21-29,6-May
Spanish,Argentina,United States,1,3,NA,NA,,FL,21,Cis-male,Gay,NotSubmitted,NA,Good,Secondary,No,Yes,2,3,2,2,1,2,3,2,2,2,2,3,2,2,4,3,3,3,3,3,3,3,3,3,3,4,3,3,1,1,1,1,1,10-Jun,"2,7,9",3,1,2,1,1,TRUE,3,42.1,65.03181373,LA,FL,21-29,4-Mar
Spanish,El Salvador,United States,1,3,NA,NA,,NJ,27,Transgender female,Gay,Granted,NA,Fair,Secondary,No,No,1,1,1,1,1,1,1,1,1,2,1,1,2,1,7,5,5,3,2,3,3,3,2,3,3,4,3,3,1,1,1,1,1,5-Mar,"1,4",1,1,1,1,1,TRUE,3,47.2,61.97155966,LA,NJ,21-29,4-Mar
Spanish,Honduras,United States,1,4,NA,NA,,NY,30,Cis-male,Gay,Granted,NA,Fair,Post-secondary,Yes,No,2,2,2,3,1,2,1,1,1,2,2,2,2,2,3,4,4,5,4,2,1,1,1,3,3,3,3,3,1,1,1,1,1,10-Jun,"1,2,3",1,1,1,1,1,FALSE,3,50.8,46.39523433,A,NY,30-39,4-Mar
Spanish,Venezuela,United States,1,2,NA,NA,,NY,40,Cis-male,Gay,Granted,NA,Fair,Post-secondary,No,No,2,3,5,4,4,2,4,5,2,4,4,5,5,1,4,3,4,4,3,4,3,3,4,2,NA,1,NA,3,1,1,3,1,1,5-Mar,4,1,2,1,1,3,TRUE,2.5,45.4,71.30288319,LA,NY,40-49,2-Jan
Spanish,Dominican Republic,United States,1,6,NA,NA,,NY,40,Other,Gay,Granted,NA,Good,Post-secondary,No,No,2,2,3,4,4,1,1,1,1,4,3,3,1,3,NA,2,2,3,2,2,3,3,3,1,NA,1,NA,3,1,1,1,1,1,0,1,3,1,1,1,1,TRUE,2,37.3,61.49332666,C,NY,40-49,6-May
Spanish,Honduras,United States,1,2,NA,NA,,VA,24,Cis-female,Lesbian,WorkPermit,NA,Excellent,Post-secondary,Yes,No,3,2,3,3,2,2,3,1,4,2,1,1,3,1,1,5,5,5,5,3,3,3,3,3,2,1,2,NA,1,1,1,1,3,5-Mar,"1,2",2,3,3,1,1,TRUE,2.333333333,62,65.03181373,A,VA,21-29,2-Jan
Spanish,Dominican Republic,United States,1,3,NA,NA,,NY,25,Cis-female,Heterosexual,WorkPermit,NA,Fair,Post-secondary,Yes,Yes,2,3,3,1,1,1,1,1,3,1,1,2,1,3,1,5,4,3,4,3,3,3,2,3,3,1,3,3,1,1,1,1,1,11,"2,4,9",1,1,1,2,2,FALSE,3,49,61.97155966,C,NY,21-29,4-Mar
Spanish,Venezuela,United States,1,2,NA,NA,,NY,37,Cis-male,Gay,WorkPermit,NA,Fair,Post-secondary,Yes,No,4,3,3,2,2,1,3,1,3,1,1,1,1,2,3,4,4,4,4,1,1,1,1,3,3,4,3,3,1,1,1,2,2,11,3,2,2,1,1,1,TRUE,3,49,38.1835606,LA,NY,30-39,2-Jan
Spanish,Cuba,United States,1,3,NA,NA,,FL,25,Other,Bisexual,NotSubmitted,NA,Good,Secondary,Yes,No,3,2,4,3,3,2,4,3,2,2,2,3,2,3,6,4,2,2,3,3,3,3,4,1,3,4,3,1,1,1,1,1,1,2-Jan,"7,8,9",2,1,1,1,1,TRUE,2,40.5,67.95569734,C,FL,21-29,4-Mar
Spanish,Mexico,United States,1,16,NA,NA,,NY,35,Transgender female,Gay,Granted,NA,Fair,Post-secondary,Yes,No,4,2,3,2,3,4,1,3,3,1,1,3,3,2,1,4,4,5,5,3,2,2,2,2,2,1,3,2,1,1,1,1,1,11,"8,9",1,1,1,1,1,TRUE,2.25,53,57.76862346,SSA,NY,30-39,12
Spanish,Ecuador,United States,1,2,NA,NA,,NY,33,Cis-male,Gay,WorkPermit,NA,Good,Post-secondary,Yes,No,3,1,3,4,3,2,2,2,4,1,2,2,2,2,1,5,4,5,5,2,2,2,1,3,3,4,1,3,1,1,1,1,1,11,"1,2,3",1,2,2,1,1,TRUE,2.5,55.6,51.85699532,LA,NY,30-39,2-Jan
Spanish,Venezuela,United States,1,3,NA,NA,,NY,37,Cis-male,Gay,WorkPermit,NA,Very good,Post-secondary,Yes,No,1,2,3,3,3,1,3,3,4,4,4,4,4,2,8,2,2,3,2,3,3,3,3,2,3,2,3,3,1,1,3,2,3,5-Mar,"4,7",1,1,1,1,1,TRUE,2.75,37.3,65.03181373,LA,NY,30-39,4-Mar
Spanish,Venezuela,United States,1,1,NA,NA,,NY,24,Cis-male,Gay,Submitted,NA,Fair,Post-secondary,No,Yes,1,2,1,1,1,1,1,1,2,1,1,2,1,1,3,5,5,5,5,1,1,1,1,3,3,2,3,3,1,1,1,1,1,10-Jun,"2,4,6",1,2,1,1,2,FALSE,3,62,38.1835606,LA,NY,21-29,2-Jan
Spanish,Venezuela,United States,1,2,NA,NA,,NY,31,Cis-male,Gay,WorkPermit,NA,Good,Post-secondary,Yes,Yes,3,5,4,3,4,2,4,5,5,4,5,2,5,3,7,3,2,2,1,5,4,4,3,2,1,1,3,3,1,1,3,1,3,2-Jan,"2,4,6",3,1,1,2,3,TRUE,2.25,35.7,74.63759721,LA,NY,30-39,2-Jan
Spanish,Colombia,United States,1,2,NA,NA,,PA,30,Cis-male,Gay,WorkPermit,NA,Good,Post-secondary,Yes,Yes,1,2,4,5,3,1,1,2,2,3,4,2,2,1,1,3,4,5,4,3,3,3,2,3,3,3,3,3,1,1,1,1,1,10-Jun,2,1,1,3,1,1,TRUE,3,49,61.97155966,LA,PA,30-39,2-Jan
Spanish,Colombia,United States,1,3,NA,NA,,FL,23,Cis-male,Gay,Granted,NA,Good,Post-secondary,Yes,No,2,3,4,4,3,3,2,2,2,2,2,2,2,3,5,3,3,3,3,3,4,4,3,2,3,4,3,3,1,1,1,1,1,5-Mar,"8,9",2,1,1,1,1,TRUE,2.75,42.1,68.79744712,LA,FL,21-29,4-Mar
Spanish,Cuba,United States,1,2,NA,NA,,FL,25,Cis-male,Gay,NotSubmitted,NA,Fair,Secondary,No,Yes,2,3,2,3,2,3,2,2,1,1,1,2,2,2,7,3,3,3,4,3,3,3,3,3,1,4,3,3,1,1,1,1,1,2-Jan,"2,6,8",1,1,2,1,1,TRUE,2.5,43.7,65.03181373,C,FL,21-29,2-Jan
Russian,Russia,United States,1,1.5,NA,NA,,NY,36,Other,Lesbian,WorkPermit,NA,Good,Post-secondary,No,No,3,4,4,2,1,4,2,4,4,3,1,1,1,2,7,4,4,5,5,5,4,5,5,3,3,4,3,3,1,1,2,1,1,11,"2,3,10",1,2,1,1,3,TRUE,3,53,81.85810016,ECA,NY,30-39,2-Jan
Russian,Russia,United States,1,4,NA,NA,,NY,34,Other,Other,Granted,NA,Good,Post-secondary,Yes,No,1,1,4,1,1,1,2,1,1,1,1,2,3,2,1,5,5,2,5,1,1,1,1,2,3,4,3,3,1,1,1,1,2,11,"2,10",1,3,3,2,1,FALSE,2.75,50.8,38.1835606,ECA,NY,30-39,4-Mar
Russian,Russia,United States,1,2,NA,NA,,NY,30,Cis-male,Gay,WorkPermit,NA,Excellent,Post-secondary,Yes,No,1,1,3,1,1,1,1,1,1,1,1,1,1,2,1,5,5,4,4,2,1,1,1,1,3,4,NA,3,1,1,1,1,1,5-Mar,"2,7,8",1,1,1,1,3,FALSE,2.333333333,53,46.39523433,ECA,NY,30-39,2-Jan
Russian,Russia,United States,1,3,NA,NA,,NY,30,Cis-male,Gay,WorkPermit,NA,Very good,Post-secondary,Yes,No,3,3,4,2,2,1,2,1,2,1,2,1,1,1,2,5,5,4,5,2,1,2,3,1,3,3,3,3,1,1,1,1,1,11,"3,7",1,2,1,1,1,TRUE,2.5,55.6,55.47536799,ECA,NY,30-39,4-Mar
Russian,Russia,United States,1,4,NA,NA,,DC,54,Cis-male,Gay,WorkPermit,NA,Excellent,Post-secondary,Yes,No,3,5,3,3,3,4,4,2,1,2,3,4,3,2,6,4,4,4,3,3,3,3,3,NA,3,4,3,3,1,1,1,1,2,11,"1,4",2,2,1,1,1,TRUE,3,47.2,65.03181373,ECA,DC,50-59,4-Mar
Russian,Russia,United States,1,4,NA,NA,,DC,42,Cis-male,Gay,WorkPermit,NA,Fair,Post-secondary,Yes,No,1,3,3,2,2,1,2,1,1,2,3,1,2,2,2,5,5,5,5,1,1,1,2,1,3,1,3,3,1,1,1,1,1,11,"2,4",1,1,1,1,2,TRUE,2.5,62,45.81029366,ECA,DC,40-49,4-Mar
Russian,Russia,United States,1,5,NA,NA,,FL,42,Cis-male,Gay,WorkPermit,NA,Beginner,Post-secondary,Yes,No,2,1,2,1,1,1,1,1,1,1,1,1,1,2,2,4,4,4,4,2,2,2,2,3,3,2,3,3,1,1,1,1,1,10-Jun,2,1,1,1,1,3,FALSE,3,49,54.60541888,ECA,FL,40-49,6-May
Russian,Russia,United States,2,0,8,NA,,NY,29,Cis-male,Gay,Submitted,NA,Beginner,Post-secondary,No,No,4,3,4,3,1,2,2,2,3,4,4,5,5,2,7,4,4,3,2,3,3,4,4,3,1,4,3,1,1,1,2,1,2,2-Jan,"3,4",1,1,1,1,1,TRUE,2,43.7,69.91168744,ECA,NY,21-29,<1
Russian,United States,United States,1,2,NA,NA,,NY,37,Cis-male,Gay,WorkPermit,NA,Fair,Post-secondary,Yes,No,1,3,4,3,2,2,1,4,5,2,1,3,2,3,7,3,3,3,2,4,3,3,5,1,3,4,3,3,1,2,1,1,1,2-Jan,"3,7",3,3,2,2,1,TRUE,2.5,40.5,73.07754038,NA,NY,30-39,2-Jan
Russian,United States,United States,1,2,NA,NA,,NY,33,Cis-male,Gay,WorkPermit,NA,Good,Secondary,Yes,No,2,2,2,1,1,2,2,1,1,2,2,2,3,2,1,2,2,1,2,2,2,3,3,2,3,4,NA,NA,1,1,2,1,1,10-Jun,"3,4,7",1,2,1,1,1,FALSE,2.5,34,59.23993915,NA,NY,30-39,2-Jan
Russian,Russia,United States,2,0,1,NA,,NY,39,Cis-male,Gay,NotSubmitted,NA,Fair,Secondary,No,No,4,2,4,3,2,1,3,2,2,3,3,1,2,3,4,4,4,2,4,4,3,5,5,1,1,3,3,NA,1,1,2,1,1,5-Mar,"3,4,7",2,3,2,2,2,TRUE,1.666666667,45.4,76.6299267,ECA,NY,30-39,<1
Russian,Russia,United States,1,4,NA,NA,,CA,29,Cis-male,Gay,Granted,NA,Good,Post-secondary,Yes,No,3,2,3,3,2,2,2,1,1,2,4,4,2,2,1,3,4,2,2,3,2,2,4,1,3,1,1,3,1,1,1,1,1,11,"4,7",1,1,1,1,1,TRUE,2,40.5,63.17116778,ECA,CA,21-29,4-Mar
Russian,Russia,United States,1,2,NA,NA,,CA,36,Cis-male,Gay,WorkPermit,NA,Good,Post-secondary,Yes,No,1,1,2,1,1,1,2,2,1,2,2,1,1,1,1,5,5,5,5,4,5,5,5,3,1,4,3,3,1,1,2,2,1,5-Mar,2,2,2,2,2,2,FALSE,2.5,62,80.23824196,ECA,CA,30-39,2-Jan
Russian,Russia,United States,1,2,NA,NA,,NY,23,Cis-female,Lesbian,WorkPermit,NA,Fair,Secondary,Yes,No,3,1,2,2,2,2,2,1,1,1,2,3,5,3,3,5,5,5,5,3,4,2,3,2,3,4,3,3,1,1,1,1,2,5-Mar,2,3,3,1,3,3,TRUE,2.75,62,64.43191175,ECA,NY,21-29,2-Jan
Russian,Russia,United States,1,3,NA,NA,,NY,39,Cis-male,Gay,WorkPermit,NA,Good,Post-secondary,Yes,No,2,3,4,5,2,1,3,2,3,3,4,3,1,4,8,1,1,1,1,4,5,5,4,NA,1,4,1,2,1,1,2,1,1,2-Jan,10,1,1,1,1,1,TRUE,1.333333333,25.7,77.25074563,ECA,NY,30-39,4-Mar
Russian,Belarus,United States,1,4,NA,NA,,CA,32,Cis-male,Gay,Granted,NA,Excellent,Post-secondary,Yes,No,2,3,3,2,2,3,2,2,2,3,2,3,2,2,6,4,4,4,4,3,3,4,2,1,1,4,3,NA,1,1,1,1,1,5-Mar,"2,6,7",2,2,2,2,2,TRUE,1.666666667,49,63.40156534,ECA,CA,30-39,4-Mar
Russian,United States,United States,1,2,NA,NA,,NY,30,Cis-male,Gay,WorkPermit,NA,Very good,Post-secondary,No,No,1,3,5,3,2,2,1,1,1,2,5,5,1,2,2,5,5,5,5,3,3,2,3,1,3,4,3,3,1,2,2,1,2,10-Jun,"2,9",1,3,1,1,1,TRUE,2.5,62,62.83565092,NA,NY,30-39,2-Jan
Russian,United States,United States,1,3,NA,NA,,DC,30,Transgender female,Heterosexual,Granted,NA,Very good,Post-secondary,Yes,No,1,4,5,5,4,3,5,3,4,2,5,3,2,3,7,4,3,1,4,4,4,4,4,1,3,4,3,3,1,1,2,1,2,5-Mar,"4,7,9",1,3,2,1,1,TRUE,2.5,42.1,74.63652564,NA,DC,30-39,4-Mar
Russian,United States,United States,2,0,4,NA,,CA,32,Cis-male,Gay,Submitted,NA,Beginner,Post-secondary,No,No,1,1,4,1,1,1,1,1,1,2,2,3,4,2,6,5,5,5,4,1,1,1,1,3,NA,4,3,NA,1,1,1,1,1,5-Mar,"2,3",1,1,1,1,3,TRUE,3,55.6,38.1835606,NA,CA,30-39,<1
Russian,Russia,United States,1,3,NA,NA,,NY,27,Cis-male,Gay,WorkPermit,NA,Fair,Post-secondary,No,No,5,5,5,5,5,5,5,5,1,5,5,5,5,1,9,3,3,3,3,4,3,5,5,1,3,4,3,3,1,1,2,1,1,10-Jun,"7,8,9",3,3,3,3,3,TRUE,2.5,42.1,76.6299267,ECA,NY,21-29,4-Mar
Russian,Russia,United States,1,3,NA,NA,,CA,37,Cis-male,Gay,Granted,NA,Fair,Post-secondary,No,No,1,4,4,3,1,1,1,1,5,1,1,1,1,4,7,3,3,2,3,4,3,3,5,1,1,1,1,1,1,1,1,1,1,5-Mar,1,1,1,1,1,1,TRUE,1,40.5,73.07754038,ECA,CA,30-39,4-Mar
Russian,Belarus,United States,1,3,NA,NA,,NY,28,Cis-male,Gay,WorkPermit,NA,Very good,Post-secondary,Yes,No,2,3,4,2,2,2,2,3,5,2,3,2,3,3,6,4,4,4,4,4,3,3,4,2,3,4,3,3,1,1,2,1,1,11,"3,6,8",1,2,1,1,1,TRUE,2.75,49,71.30288319,ECA,NY,21-29,4-Mar
Russian,Russia,United States,1,1,NA,NA,,NY,40,Cis-male,Gay,WorkPermit,NA,Fair,Post-secondary,Yes,No,1,1,1,1,2,1,2,2,5,2,2,1,3,2,4,5,5,5,5,3,2,2,2,3,1,4,3,3,1,1,1,1,1,11,"1,3,4",1,2,1,1,1,TRUE,2.5,62,57.76862346,ECA,NY,40-49,2-Jan
Russian,Russia,United States,1,8,NA,NA,,FL,37,Cis-male,Gay,NotSubmitted,NA,Very good,Post-secondary,Yes,No,2,2,2,3,2,1,2,1,2,2,1,1,1,2,2,3,3,2,3,3,3,4,3,2,1,4,3,3,1,1,1,1,2,5-Mar,"2,8",2,3,2,1,2,FALSE,2.25,40.5,66.75941204,ECA,FL,30-39,8-Jul
Russian,Russia,United States,1,1,NA,NA,,FL,31,Cis-female,Lesbian,WorkPermit,NA,Good,Post-secondary,Yes,Yes,1,2,4,1,3,2,3,2,2,4,4,4,5,2,3,5,5,5,5,2,1,1,2,1,2,1,3,3,1,1,1,1,2,10-Jun,"1,3,6",1,1,3,2,3,TRUE,2.25,62,50.18849154,ECA,FL,30-39,2-Jan
Russian,Russia,United States,1,4,NA,NA,,NY,38,Cis-male,Gay,Granted,NA,Good,Post-secondary,Yes,No,1,2,4,1,1,1,2,2,2,2,1,2,2,2,4,3,3,2,3,3,3,4,4,1,3,4,3,1,2,2,2,1,1,2-Jan,9,1,1,1,1,2,FALSE,2,40.5,69.91168744,ECA,NY,30-39,4-Mar
Russian,Russia,United States,1,2,NA,NA,,NY,33,Cis-male,Gay,WorkPermit,NA,Beginner,Post-secondary,No,Yes,5,3,3,2,2,5,4,2,1,1,2,2,4,2,7,4,4,4,4,3,1,1,1,3,3,4,NA,3,1,1,2,1,2,2-Jan,"2,3",1,3,1,1,1,TRUE,3,49,48.69029076,ECA,NY,30-39,2-Jan
Russian,Russia,United States,1,15,NA,NA,,FL,47,Cis-male,Gay,WorkPermit,NA,Beginner,Secondary,No,Yes,2,3,3,2,1,1,2,1,1,1,2,2,3,2,7,4,4,4,5,2,3,3,3,1,1,4,3,3,1,1,1,1,1,5-Mar,"2,7",1,1,1,1,1,TRUE,2,50.8,61.49332666,ECA,FL,40-49,12
Russian,Russia,United States,1,4,NA,NA,,FL,33,Cis-male,Gay,Granted,NA,Fair,Post-secondary,Yes,No,1,3,4,2,1,1,1,1,2,3,2,1,1,3,4,4,4,4,4,3,2,3,3,1,3,4,3,3,1,1,1,1,1,5-Mar,"2,7",1,1,2,1,1,TRUE,2.5,49,62.90514364,ECA,FL,30-39,4-Mar
Russian,Russia,United States,2,0,2,NA,,CA,40,Cis-female,Lesbian,Submitted,NA,Fair,Post-secondary,Yes,No,1,4,3,3,2,1,3,2,2,2,4,2,2,1,3,4,4,3,3,3,3,3,3,3,3,4,3,2,1,1,1,1,1,5-Mar,"1,2,7",1,1,1,1,1,TRUE,2.75,45.4,65.03181373,ECA,CA,40-49,<1
Russian,United States,United States,2,0,7,NA,,PA,34,Cis-male,Gay,Submitted,NA,Fair,Secondary,Yes,No,3,3,4,3,4,1,2,3,4,4,3,5,2,1,6,2,2,2,2,4,3,3,3,1,1,3,3,3,1,1,1,1,1,10-Jun,"3,4,6",1,1,1,1,1,TRUE,2,35.7,68.43541888,NA,PA,30-39,<1
Russian,Ukraine,United States,1,2,NA,NA,,NY,32,Cis-male,Gay,WorkPermit,NA,Beginner,Secondary,Yes,No,3,3,5,5,4,4,5,4,2,5,5,4,4,3,3,4,4,4,4,2,3,3,3,2,3,2,3,3,1,1,1,2,2,10-Jun,"2,10",2,2,2,3,1,TRUE,2.75,49,61.49332666,NA,NY,30-39,2-Jan
Russian,Ukraine,United States,1,3,NA,NA,,CA,21,Cis-male,Gay,WorkPermit,NA,Very good,Secondary,Yes,Yes,2,2,3,3,3,2,3,3,2,2,3,3,3,2,5,4,3,3,4,2,2,2,3,1,3,4,3,3,1,1,2,2,2,5-Mar,"6,9",1,2,1,1,1,TRUE,2.5,45.4,57.32677793,NA,CA,21-29,4-Mar
Russian,Russia,United States,1,1,NA,NA,,NY,27,Cis-male,Gay,WorkPermit,NA,Good,Post-secondary,Yes,No,1,2,1,1,1,1,1,1,1,4,2,1,1,1,2,5,3,5,5,3,2,1,2,2,1,4,3,3,2,1,1,1,2,2-Jan,"1,3,8",1,3,2,3,3,FALSE,2.25,53,55.60561467,ECA,NY,21-29,2-Jan
Russian,Russia,United States,1,2,NA,NA,,DC,23,Cis-male,Gay,WorkPermit,NA,Very good,Secondary,Yes,No,2,2,4,3,2,1,1,1,1,2,3,2,2,2,6,4,3,4,4,3,3,3,3,1,3,4,3,3,1,1,2,1,1,5-Mar,"2,3,6",1,1,1,2,1,TRUE,2.5,47.2,65.03181373,ECA,DC,21-29,2-Jan
Russian,United States,United States,1,2,NA,NA,,NY,42,Cis-male,Gay,WorkPermit,NA,Fair,Post-secondary,No,Yes,2,3,5,2,2,2,2,2,3,3,5,2,3,1,9,2,2,2,2,2,2,2,2,3,3,4,NA,3,1,1,1,1,1,5-Mar,4,1,2,1,1,1,TRUE,3,35.7,54.60541888,NA,NY,40-49,2-Jan
Russian,Russia,United States,2,0,3,NA,,NY,34,Other,Gay,NotSubmitted,NA,Fair,Post-secondary,No,No,3,3,3,2,1,1,1,1,2,1,2,3,1,2,5,5,5,5,5,3,3,3,3,1,3,4,3,3,1,1,2,1,1,10-Jun,"7,8,9",1,2,1,1,2,TRUE,2.5,62,65.03181373,ECA,NY,30-39,<1
Russian,Russia,United States,1,1,NA,NA,,NY,32,Cis-male,Gay,WorkPermit,NA,Fair,Post-secondary,No,Yes,1,4,5,4,3,2,2,4,2,2,4,4,5,2,3,4,5,5,5,2,1,1,2,2,1,3,3,3,1,1,1,1,2,11,"2,3,4",1,1,1,1,2,TRUE,2.25,55.6,50.18849154,ECA,NY,30-39,2-Jan
Russian,Russia,United States,1,2,NA,NA,,NY,22,Cis-male,Gay,WorkPermit,NA,Very good,Secondary,Yes,No,2,2,2,1,1,1,1,1,1,1,2,2,1,1,1,5,5,5,5,2,1,1,2,1,3,4,3,3,1,1,2,2,2,10-Jun,"3,6,7",3,3,2,1,1,FALSE,2.5,62,50.18849154,ECA,NY,21-29,2-Jan
Russian,Kazakhstan,United States,1,2,NA,NA,,NY,39,Cis-male,Gay,WorkPermit,NA,Good,Post-secondary,Yes,No,2,5,4,4,2,2,3,4,3,3,3,3,2,2,8,2,3,1,2,3,2,4,4,2,3,4,3,3,1,1,2,2,2,11,"7,8",1,1,2,1,3,TRUE,2.75,35.7,67.96694866,SSA,NY,30-39,2-Jan
Russian,United States,United States,1,4,NA,NA,,FL,34,Cis-male,Gay,Granted,NA,Very good,Secondary,Yes,No,1,3,3,3,1,1,1,1,3,1,3,1,3,2,4,4,3,4,3,3,3,1,3,NA,3,4,3,3,1,2,1,1,1,10-Jun,"2,3,7",1,2,1,1,1,TRUE,3,45.4,61.3424772,NA,FL,30-39,4-Mar
Russian,Russia,United States,1,2,NA,NA,,NY,24,Cis-male,Gay,WorkPermit,NA,Very good,Post-secondary,Yes,Yes,1,1,2,1,1,1,1,1,1,1,3,1,2,1,4,5,5,5,5,2,1,2,1,2,3,4,3,3,1,1,1,1,1,10-Jun,3,1,1,1,1,1,FALSE,2.75,62,49.49025749,ECA,NY,21-29,2-Jan
Russian,Ukraine,United States,1,35,NA,NA,,NY,36,Cis-female,Lesbian,Granted,NA,Good,Post-secondary,Yes,Yes,3,4,4,2,1,1,2,1,1,3,4,4,4,2,7,1,2,1,2,5,5,5,5,3,3,1,1,3,1,1,1,1,1,10-Jun,"6,7,8",1,1,1,1,1,TRUE,2.5,32.1,84.6120067,NA,NY,30-39,12
Russian,Russia,United States,1,1,NA,NA,,NY,33,Cis-male,Gay,WorkPermit,NA,Fair,Secondary,No,No,1,1,2,2,1,1,3,2,1,2,3,1,2,2,8,5,5,5,5,1,2,1,1,2,1,4,3,1,1,1,2,1,1,10-Jun,"2,4,9",3,2,1,1,1,TRUE,1.75,62,44.34835906,ECA,NY,30-39,2-Jan
Russian,Belarus,United States,1,1,NA,NA,,NY,32,Cis-male,Gay,WorkPermit,NA,Fair,Post-secondary,Yes,No,2,3,3,4,2,2,2,2,4,1,1,2,2,2,7,3,2,2,2,4,4,5,5,1,1,4,1,3,1,1,2,2,2,5-Mar,"7,8",1,2,2,2,1,TRUE,1.5,37.3,78.25654961,ECA,NY,30-39,2-Jan
Russian,Russia,United States,2,0,11,NA,,NY,30,Other,Gay,Submitted,NA,Fair,Post-secondary,Yes,Yes,3,4,4,1,1,2,2,3,3,2,2,2,2,2,4,4,3,3,2,4,2,2,2,1,3,4,NA,3,1,1,1,1,1,5-Mar,"7,9",1,1,1,1,1,TRUE,2.333333333,42.1,59.65492969,ECA,NY,30-39,<1
Russian,Russia,United States,1,3,NA,NA,,CA,38,Cis-female,Lesbian,Granted,NA,Fair,Post-secondary,Yes,No,3,2,2,1,2,1,1,2,2,3,4,4,4,2,7,4,4,5,5,2,3,4,2,2,3,4,3,3,1,1,2,1,1,11,"2,7,9",1,2,1,1,1,TRUE,2.75,53,59.08472658,ECA,CA,30-39,4-Mar
Russian,Russia,United States,1,6,NA,NA,,NJ,32,Cis-male,Gay,WorkPermit,NA,Good,Secondary,Yes,No,2,3,4,2,2,2,3,3,2,3,3,2,4,3,6,3,2,4,3,3,2,2,3,2,1,4,1,3,1,1,1,1,1,5-Mar,"2,3,7",1,3,1,1,2,TRUE,1.75,42.1,60.73225499,ECA,NJ,30-39,6-May
Russian,Russia,United States,1,2,NA,NA,,NY,28,Cis-male,Gay,WorkPermit,NA,Good,Post-secondary,Yes,No,2,3,3,3,1,2,3,2,2,2,3,1,3,2,2,4,5,3,4,3,3,3,3,1,3,4,3,3,1,1,1,1,1,11,"1,3,9",1,2,1,1,1,TRUE,2.5,49,65.03181373,ECA,NY,21-29,2-Jan
Russian,Russia,United States,1,3,NA,NA,,NY,27,Cis-male,Gay,Granted,NA,Very good,Secondary,Yes,No,2,2,2,1,1,1,1,1,1,1,1,1,1,1,1,5,5,5,5,2,1,4,1,3,3,4,3,3,1,1,1,1,1,11,"2,6",1,3,2,1,1,FALSE,3,62,50.71049674,ECA,NY,21-29,4-Mar
Russian,Russia,United States,1,1,NA,NA,,NY,32,Cis-male,Gay,WorkPermit,NA,Good,Post-secondary,No,No,2,3,3,3,3,2,3,2,4,5,5,5,5,3,8,2,3,3,3,5,5,5,5,3,3,4,3,NA,2,1,1,1,2,2-Jan,"1,3,10",3,3,1,1,1,TRUE,3,40.5,84.6120067,ECA,NY,30-39,2-Jan
Russian,Russia,United States,1,1,NA,NA,,CA,35,Cis-male,Gay,Submitted,NA,Good,Post-secondary,No,Yes,1,1,2,1,1,1,1,1,1,3,3,1,2,1,1,5,5,5,5,2,1,5,3,1,1,1,3,3,1,1,1,1,1,5-Mar,"1,7",1,1,1,1,1,FALSE,2,62,58.40173602,ECA,CA,30-39,2-Jan
Russian,Russia,United States,1,16,NA,NA,,CA,37,Other,Bisexual,WorkPermit,NA,Good,Post-secondary,Yes,No,4,4,5,4,5,3,5,4,4,3,5,5,5,2,7,3,4,4,4,3,3,2,3,3,1,4,3,1,1,1,1,1,1,10-Jun,"2,3,4",1,1,1,1,1,TRUE,2,47.2,62.83565092,ECA,CA,30-39,12
Russian,Belarus,United States,1,3,NA,NA,,MA,29,Cis-male,Gay,WorkPermit,NA,Very good,Post-secondary,Yes,No,2,4,4,3,4,2,5,1,4,2,4,5,5,3,6,3,2,3,3,4,3,2,4,2,3,4,3,3,1,1,1,1,1,5-Mar,"6,7",1,1,1,1,1,TRUE,2.75,40.5,69.44780199,ECA,MA,21-29,4-Mar
Russian,United States,United States,1,3,NA,NA,,CA,47,Cis-male,Gay,WorkPermit,NA,Very good,Post-secondary,Yes,Yes,3,2,2,2,2,2,2,2,2,4,4,4,5,2,4,3,3,2,4,3,2,3,3,1,3,4,3,3,1,1,2,1,2,10-Jun,"3,4,7",1,2,1,3,1,TRUE,2.5,42.1,62.90514364,NA,CA,40-49,4-Mar
Russian,Russia,United States,1,2,NA,NA,,FL,21,Cis-male,Gay,WorkPermit,NA,Good,Secondary,Yes,No,3,2,5,3,5,5,5,4,1,2,4,5,5,2,7,5,5,5,5,3,3,2,2,1,3,4,3,3,1,1,2,1,1,2-Jan,2,1,2,1,1,1,TRUE,2.5,62,59.83521258,ECA,FL,21-29,2-Jan
Russian,Russia,United States,1,2,NA,NA,,NY,36,Cis-male,Gay,WorkPermit,NA,Good,Post-secondary,Yes,No,2,4,4,2,2,1,2,1,3,1,2,1,2,2,6,3,3,4,3,4,3,4,4,1,1,4,3,3,1,1,2,1,1,5-Mar,2,2,2,2,1,1,TRUE,2,43.7,73.10538549,ECA,NY,30-39,2-Jan
Russian,Russia,United States,1,3,NA,NA,,CA,40,Cis-female,Lesbian,Granted,NA,Good,Post-secondary,Yes,Yes,2,1,2,1,1,1,1,1,2,4,2,1,3,2,4,5,5,5,5,2,2,3,1,2,3,4,1,3,2,1,2,1,1,5-Mar,2,1,3,1,2,3,FALSE,2.25,62,53.1975467,ECA,CA,40-49,4-Mar
Russian,Russia,United States,1,2,NA,NA,,CA,32,Cis-male,Gay,WorkPermit,NA,Excellent,Post-secondary,No,Yes,1,2,5,1,3,1,5,5,2,3,2,2,5,1,8,2,5,1,5,2,5,1,2,1,NA,4,3,1,2,1,2,1,1,0,9,1,1,1,1,1,TRUE,1.666666667,43.7,54.86757629,ECA,CA,30-39,2-Jan
Russian,Russia,United States,1,2,NA,NA,,CA,36,Cis-male,Gay,WorkPermit,NA,Excellent,Post-secondary,No,No,1,1,1,1,1,1,1,1,1,2,2,1,1,2,3,5,5,5,5,2,2,2,1,3,3,4,3,3,1,1,2,1,1,10-Jun,"1,2,9",1,2,1,1,3,FALSE,3,62,51.85699532,ECA,CA,30-39,2-Jan
Russian,Russia,United States,1,1.6,NA,NA,,NY,31,Cis-male,Gay,WorkPermit,NA,Very good,Post-secondary,Yes,No,1,3,4,1,2,2,2,2,4,1,3,1,1,2,3,5,5,5,5,2,1,1,2,2,3,4,3,3,1,1,2,1,1,5-Mar,"1,2,3",1,2,3,1,2,TRUE,2.75,62,50.18849154,ECA,NY,30-39,2-Jan
Russian,Russia,United States,2,0,4,NA,,NY,27,Cis-male,Gay,NotSubmitted,NA,Beginner,Post-secondary,No,Yes,2,3,3,3,3,2,2,2,1,2,3,1,3,2,3,5,5,5,5,3,3,3,3,1,1,3,3,3,1,1,2,1,1,5-Mar,"2,6",2,2,1,2,1,TRUE,2,62,65.03181373,ECA,NY,21-29,<1
Russian,United States,United States,1,2,NA,NA,,NY,33,Cis-female,Lesbian,WorkPermit,NA,Good,Post-secondary,Yes,No,3,2,3,2,1,2,2,2,1,3,3,2,2,2,2,4,3,4,3,3,3,3,3,2,3,4,3,3,1,1,1,1,1,11,"2,3",2,2,1,1,1,TRUE,2.75,45.4,65.03181373,NA,NY,30-39,2-Jan
Russian,Kazakhstan,United States,1,2,NA,NA,,NY,36,Cis-male,Gay,WorkPermit,NA,Good,Post-secondary,No,No,1,3,4,4,2,1,2,1,2,3,3,3,3,2,9,3,3,2,2,4,4,4,5,2,NA,4,1,NA,1,1,2,1,1,2-Jan,"1,10",2,2,1,1,1,TRUE,1.5,38.9,76.7252485,SSA,NY,30-39,2-Jan
Russian,Russia,United States,1,1,NA,NA,,CA,39,Cis-female,Lesbian,WorkPermit,NA,Good,Post-secondary,No,No,1,1,3,1,1,1,2,2,1,1,3,3,3,2,7,3,3,5,2,3,2,2,4,2,3,4,3,3,1,1,2,1,1,10-Jun,"3,9,10",1,2,1,1,1,TRUE,2.75,43.7,63.17116778,ECA,CA,30-39,2-Jan
Russian,Kazakhstan,United States,1,5,NA,NA,,NY,33,Cis-male,Gay,Granted,NA,Very good,Secondary,No,Yes,2,2,4,2,2,3,2,1,2,1,3,2,2,2,4,2,2,1,2,3,2,2,3,2,3,4,3,NA,1,2,1,1,2,11,"2,7",1,2,2,1,1,TRUE,2.666666667,34,60.73225499,SSA,NY,30-39,6-May
Russian,United States,United States,1,3,NA,NA,,NY,32,Cis-male,Gay,WorkPermit,NA,Good,Post-secondary,Yes,No,2,1,2,1,1,1,1,2,1,1,1,1,1,1,1,5,5,5,5,2,1,1,2,3,3,3,3,3,1,1,1,1,1,5-Mar,"2,8,9",1,1,1,1,2,FALSE,3,62,50.18849154,NA,NY,30-39,4-Mar
Russian,Russia,United States,1,3,NA,NA,,CA,29,Cis-male,Gay,Granted,NA,Good,Post-secondary,No,No,2,5,4,5,5,3,4,4,3,3,3,3,2,3,8,2,2,2,3,4,4,4,5,2,1,4,3,3,1,2,1,1,1,2-Jan,9,2,2,2,1,1,TRUE,2.25,37.3,76.7252485,ECA,CA,21-29,4-Mar
Russian,Kazakhstan,United States,1,2,NA,NA,,NY,24,Cis-male,Gay,Granted,NA,Fair,Post-secondary,No,No,1,2,2,2,1,2,2,2,2,2,3,2,2,1,5,4,4,4,4,3,3,2,2,3,3,3,1,3,1,1,1,1,1,5-Mar,2,1,1,1,1,2,TRUE,2.5,49,59.83521258,SSA,NY,21-29,2-Jan
Russian,Russia,United States,1,2,NA,NA,,NY,34,Cis-male,Gay,WorkPermit,NA,Good,Post-secondary,No,No,2,4,5,4,5,4,5,3,3,4,5,4,4,2,7,3,3,1,2,5,4,4,4,2,1,4,NA,NA,1,1,2,1,1,10-Jun,"3,7",1,3,1,1,1,TRUE,1.5,37.3,77.02988736,ECA,NY,30-39,2-Jan
Russian,Russia,United States,1,4,NA,NA,,FL,36,Cis-male,Gay,Granted,NA,Very good,Post-secondary,No,No,1,1,1,1,1,1,1,1,1,1,2,2,2,2,3,3,3,3,3,1,1,1,2,2,3,4,3,3,1,1,2,1,1,10-Jun,"2,3,9",2,2,1,1,3,FALSE,2.75,42.1,45.81029366,ECA,FL,30-39,4-Mar
Russian,Russia,United States,1,3,NA,NA,,CA,36,Cis-female,Lesbian,WorkPermit,NA,Good,Post-secondary,Yes,No,1,1,2,1,1,1,2,1,3,2,2,1,5,1,3,5,4,4,4,3,2,2,2,3,3,4,3,3,1,1,1,1,1,11,"2,6,7",1,1,2,1,1,FALSE,3,50.8,57.76862346,ECA,CA,30-39,4-Mar
Russian,Uzbekistan,United States,1,4,NA,NA,,NY,21,Cis-male,Gay,Granted,NA,Good,Secondary,Yes,No,2,2,4,2,1,1,2,1,1,1,2,2,3,2,6,3,4,3,4,4,3,4,5,3,1,1,3,3,1,1,1,2,2,5-Mar,10,3,3,3,1,3,TRUE,2.5,45.4,75.13628425,ECA,NY,21-29,4-Mar
Russian,Belarus,United States,1,2,NA,NA,,FL,32,Cis-male,Gay,WorkPermit,NA,Fair,Post-secondary,Yes,No,3,2,4,3,2,1,1,2,1,3,2,3,2,2,2,5,5,5,5,3,4,1,2,1,3,4,3,NA,1,1,2,1,1,5-Mar,"2,7",1,1,1,1,3,TRUE,2.333333333,62,58.98129038,ECA,FL,30-39,2-Jan
Russian,Belarus,United States,1,2,NA,NA,,FL,28,Cis-male,Gay,WorkPermit,NA,Fair,Post-secondary,Yes,No,3,4,4,3,3,3,3,3,4,3,3,3,3,3,4,3,4,4,2,3,1,3,4,1,1,4,3,3,1,1,2,1,1,10-Jun,2,1,2,2,1,2,TRUE,2,43.7,64.92285779,ECA,FL,21-29,2-Jan
Russian,Armenia,United States,1,4,NA,NA,,NJ,33,Transgender female,Heterosexual,WorkPermit,NA,Good,Post-secondary,Yes,No,2,3,4,2,3,1,4,2,5,5,4,2,5,3,3,2,3,1,2,4,3,5,5,2,3,4,NA,3,1,2,2,1,1,2-Jan,"7,8",1,1,2,2,1,TRUE,2.666666667,35.7,76.6299267,MENA,NJ,30-39,4-Mar
Russian,Kazakhstan,United States,1,15,NA,NA,,FL,27,Cis-male,Gay,WorkPermit,NA,Fair,Post-secondary,Yes,No,4,4,5,4,4,3,3,3,3,4,4,5,4,4,7,2,2,2,2,2,1,2,4,1,1,4,3,3,1,2,2,2,2,5-Mar,2,1,2,1,2,1,TRUE,2,35.7,56.72609833,SSA,FL,21-29,12
Russian,Russia,United States,1,2,NA,NA,,FL,35,Cis-male,Gay,WorkPermit,NA,Good,Post-secondary,No,No,1,5,5,3,1,1,2,2,4,3,4,5,5,2,8,3,1,3,3,4,4,4,4,2,2,2,3,NA,1,1,2,1,1,5-Mar,2,1,2,1,1,1,TRUE,2.333333333,38.9,74.63652564,ECA,FL,30-39,2-Jan
Russian,Russia,United States,2,0,1,NA,,FL,24,Cis-male,Gay,NotSubmitted,NA,Good,Post-secondary,No,No,1,1,3,1,1,1,1,2,1,3,3,2,2,2,6,4,4,4,4,2,1,2,2,2,2,4,3,3,1,1,2,1,2,2-Jan,"2,3",3,2,2,2,2,TRUE,2.5,49,52.67321364,ECA,FL,21-29,<1
Russian,Russia,United States,2,0,1,NA,,FL,34,Cis-male,Gay,NotSubmitted,NA,Good,Post-secondary,No,No,3,3,4,1,4,1,3,1,1,1,1,3,5,2,1,2,2,4,2,3,2,2,3,1,3,4,3,3,1,1,1,1,2,5-Mar,"2,3",1,1,2,1,1,TRUE,2.5,38.9,60.73225499,ECA,FL,30-39,<1
Russian,Russia,United States,2,0,5,NA,,CA,28,Cis-male,Gay,Granted,NA,Beginner,Post-secondary,No,No,3,1,3,1,2,1,2,2,1,5,5,5,5,3,1,5,5,5,5,1,1,1,1,3,NA,4,3,3,1,1,1,1,1,10-Jun,"2,7",1,1,1,1,2,TRUE,3,62,38.1835606,ECA,CA,21-29,<1
Russian,Russia,United States,1,2,NA,NA,,NY,33,Cis-male,Gay,WorkPermit,NA,Excellent,Post-secondary,Yes,Yes,1,3,4,3,3,4,2,2,4,2,2,1,4,2,3,4,4,4,4,2,2,2,3,2,3,1,3,3,1,1,1,1,1,5-Mar,"2,3,4",1,1,1,1,1,TRUE,2.75,49,57.32677793,ECA,NY,30-39,2-Jan
Russian,Belarus,United States,1,3,NA,NA,,NY,28,Cis-male,Gay,WorkPermit,NA,Very good,Post-secondary,Yes,No,2,3,3,4,3,3,3,3,4,3,3,3,3,2,6,4,5,4,3,3,3,3,3,1,3,4,3,3,1,1,1,1,1,11,"3,6,7",1,1,1,1,1,TRUE,2.5,49,65.03181373,ECA,NY,21-29,4-Mar
Russian,Belarus,United States,1,2,NA,NA,,DE,40,Transgender male,Lesbian,Submitted,NA,Very good,Post-secondary,Yes,Yes,4,1,1,1,2,1,3,1,2,1,3,1,2,1,1,5,4,5,5,2,1,1,1,3,1,4,1,3,1,1,1,1,1,11,"1,2,9",2,2,1,1,2,FALSE,2,55.6,46.39523433,ECA,DE,40-49,2-Jan
Russian,Russia,United States,2,0,1,NA,,NY,27,Cis-male,Gay,NotSubmitted,NA,Very good,Primary,Yes,No,5,1,2,1,1,1,1,1,1,4,5,4,5,2,7,5,5,1,3,3,3,4,3,1,1,1,3,3,1,1,1,1,1,11,7,1,3,1,1,1,TRUE,2,45.4,66.75941204,ECA,NY,21-29,<1
Russian,Russia,United States,1,6,NA,NA,,NY,29,Cis-male,Gay,Granted,NA,Excellent,Post-secondary,No,Yes,3,4,4,4,2,2,3,2,3,1,1,1,1,3,5,4,4,3,4,3,3,1,3,3,3,4,3,3,1,1,1,1,1,5-Mar,"1,2,8",1,2,1,1,1,TRUE,3,47.2,61.3424772,ECA,NY,21-29,6-May
Russian,Russia,United States,1,2,NA,NA,,NY,23,Cis-male,Gay,WorkPermit,NA,Good,Secondary,Yes,No,1,3,3,1,2,1,3,1,4,2,5,3,5,2,7,3,4,1,4,4,4,4,4,2,3,4,3,NA,1,1,2,1,2,5-Mar,4,1,3,1,1,1,TRUE,2.666666667,42.1,74.63652564,ECA,NY,21-29,2-Jan
Russian,Russia,United States,1,2,NA,NA,,NY,26,Cis-female,Lesbian,NotSubmitted,NA,Good,Post-secondary,No,Yes,3,4,4,2,1,1,1,1,1,1,1,1,1,2,1,3,3,3,3,4,3,4,4,2,1,1,3,3,1,1,2,1,1,5-Mar,9,2,1,2,1,2,FALSE,2.25,42.1,73.10538549,ECA,NY,21-29,2-Jan
Russian,Russia,United States,1,1,NA,NA,,NY,35,Cis-male,Gay,NotSubmitted,NA,Fair,Post-secondary,No,Yes,3,2,3,2,1,2,2,1,1,1,3,2,1,3,6,2,2,3,4,5,3,3,4,2,1,4,3,3,1,1,1,1,1,5-Mar,"2,3,9",3,3,1,1,2,TRUE,2.25,40.5,73.30476987,ECA,NY,30-39,2-Jan
Russian,Russia,United States,1,2,NA,NA,,FL,34,Cis-male,Gay,WorkPermit,NA,Good,Post-secondary,Yes,No,1,1,1,1,1,1,1,1,1,1,1,1,1,1,1,2,2,3,2,1,1,1,2,1,1,4,3,3,1,1,1,1,1,11,"7,8",2,2,1,1,3,FALSE,2,37.3,45.81029366,ECA,FL,30-39,2-Jan
Russian,Belarus,United States,1,4,NA,NA,,NJ,24,Cis-male,Gay,WorkPermit,NA,Very good,Secondary,Yes,No,2,1,4,2,1,1,2,1,1,2,2,1,1,2,2,4,4,4,4,2,1,2,2,2,3,4,NA,3,1,1,2,2,2,5-Mar,"6,7,8",1,3,2,2,2,FALSE,2.666666667,49,52.67321364,ECA,NJ,21-29,4-Mar
Russian,Russia,United States,1,30,NA,NA,,NY,30,Cis-male,Gay,WorkPermit,NA,Good,Post-secondary,No,No,1,2,3,3,1,1,2,2,1,2,2,2,1,2,7,2,2,2,2,3,3,3,4,2,NA,4,1,NA,2,1,2,1,1,2-Jan,7,2,1,2,1,2,TRUE,1.5,35.7,67.95569734,ECA,NY,30-39,12
Russian,Russia,United States,1,2,NA,NA,,NY,37,Cis-male,Gay,WorkPermit,NA,Excellent,Post-secondary,No,No,1,1,1,1,1,1,1,1,1,1,1,1,1,1,2,4,4,4,4,2,2,2,2,3,NA,4,NA,3,1,1,1,1,1,10-Jun,"3,4,7",1,2,1,1,1,FALSE,3,49,54.60541888,ECA,NY,30-39,2-Jan
Russian,Belarus,United States,2,0,2,NA,,CA,25,Cis-male,Gay,NotSubmitted,NA,Fair,Post-secondary,Yes,No,1,2,5,5,4,1,2,2,2,1,1,1,1,2,4,5,5,5,5,5,5,2,5,1,1,1,3,3,1,2,2,1,2,2-Jan,"1,7",1,2,1,1,1,TRUE,2,62,79.41279873,ECA,CA,21-29,<1
Russian,Belarus,United States,2,0,6,NA,,FL,29,Cis-male,Gay,NotSubmitted,NA,Good,Post-secondary,No,No,1,1,2,2,1,1,2,1,2,1,1,1,1,1,3,5,5,5,5,1,2,1,3,3,3,1,3,3,1,1,1,1,1,10-Jun,"1,2,9",1,3,1,1,1,FALSE,3,62,51.06864307,ECA,FL,21-29,<1
Russian,Russia,United States,1,7,NA,NA,,CA,30,Cis-male,Gay,Granted,NA,Very good,Post-secondary,Yes,No,1,1,2,2,1,1,2,1,2,2,2,2,2,1,2,5,5,5,5,2,2,2,2,NA,3,4,3,3,1,1,2,1,1,11,"2,6,8",1,1,1,1,1,FALSE,3,62,54.60541888,ECA,CA,30-39,8-Jul
Russian,Russia,United States,1,45,NA,NA,,NY,34,Cis-male,Gay,Granted,NA,Good,Secondary,No,Yes,2,4,4,4,4,1,4,3,3,5,5,3,5,2,9,3,3,2,2,5,5,5,5,2,3,1,3,NA,1,1,2,2,2,2-Jan,6,2,2,2,2,1,TRUE,2.666666667,38.9,84.6120067,ECA,NY,30-39,12
Russian,Russia,United States,1,3,NA,NA,,FL,31,Cis-male,Gay,WorkPermit,NA,Good,Post-secondary,Yes,No,3,1,2,3,2,4,1,1,1,3,2,1,4,3,4,4,4,5,5,2,2,4,3,1,3,4,1,3,1,1,2,1,1,5-Mar,"6,8",1,2,2,1,2,TRUE,2,53,60.18499113,ECA,FL,30-39,4-Mar
Russian,Russia,United States,1,3,NA,NA,,NY,33,Cis-male,Gay,WorkPermit,NA,Excellent,Post-secondary,Yes,No,1,2,2,2,1,1,1,1,3,5,5,5,5,3,1,5,5,5,5,2,2,2,2,2,3,3,3,3,1,1,1,1,1,10-Jun,"6,8",1,1,3,1,3,TRUE,2.75,62,54.60541888,ECA,NY,30-39,4-Mar
Russian,Russia,United States,1,3,NA,NA,,NY,39,Other,Gay,WorkPermit,NA,Good,Secondary,Yes,No,3,2,1,1,2,2,2,1,1,3,4,2,3,1,3,5,5,5,5,3,5,3,1,3,3,4,3,3,1,1,2,2,1,11,"3,6,9",2,2,2,1,3,TRUE,3,62,62.6781419,ECA,NY,30-39,4-Mar
Russian,Russia,United States,1,5,NA,NA,,FL,35,Cis-male,Gay,Granted,NA,Good,Post-secondary,Yes,No,3,4,3,3,3,1,2,3,3,3,3,3,4,2,3,5,5,5,5,3,3,5,3,NA,3,4,3,3,1,1,1,1,2,11,2,2,2,1,1,1,TRUE,3,62,67.19318679,ECA,FL,30-39,6-May
Russian,Russia,United States,1,3,NA,NA,,NY,40,Cis-male,Bisexual,WorkPermit,NA,Good,Post-secondary,Yes,No,3,4,4,4,2,1,1,1,3,4,3,2,1,4,8,1,1,1,2,4,4,5,4,3,1,1,1,1,1,1,2,1,1,2-Jan,10,1,1,2,1,1,TRUE,1.5,29.9,75.74661962,ECA,NY,40-49,4-Mar
Russian,Russia,United States,1,3,NA,NA,,NY,29,Cis-male,Gay,WorkPermit,NA,Good,Post-secondary,Yes,No,3,2,2,1,1,2,3,2,1,3,5,5,4,3,1,5,5,5,5,3,2,2,2,1,1,1,3,1,1,1,1,1,1,10-Jun,"2,6,9",2,2,2,1,1,TRUE,1.5,62,57.76862346,ECA,NY,21-29,4-Mar
Russian,Republic of Moldova,United States,1,2,NA,NA,,NY,23,Cis-male,Gay,WorkPermit,NA,Good,Secondary,Yes,No,1,3,5,2,1,2,3,1,3,2,1,1,1,2,2,4,4,3,4,3,1,3,2,1,3,4,3,3,2,2,2,1,1,0,"2,6,9",2,1,2,1,1,TRUE,2.5,47.2,58.03896302,NA,NY,21-29,2-Jan
Russian,Russia,United States,1,3,NA,NA,,FL,35,Cis-male,Gay,WorkPermit,NA,Good,Post-secondary,No,No,1,2,4,1,1,2,1,2,1,3,3,3,4,1,2,3,3,5,5,2,2,2,2,3,1,4,3,3,1,1,1,1,2,5-Mar,"1,2",1,2,1,1,1,TRUE,2.5,49,54.60541888,ECA,FL,30-39,4-Mar
Russian,Russia,United States,2,0,2,NA,,NY,20,Cis-male,Gay,NotSubmitted,NA,Fair,Secondary,No,No,1,2,4,2,1,1,3,1,2,4,4,3,3,2,4,2,2,1,2,4,3,3,4,1,1,4,3,NA,2,2,2,1,2,0,1,3,3,3,3,2,TRUE,1.666666667,34,71.30288319,ECA,NY,<21,<1
Russian,Russia,United States,2,0,5,NA,,FL,50,Cis-female,Heterosexual,Granted,NA,Fair,Secondary,No,Yes,1,3,3,1,1,1,2,1,1,1,1,1,2,2,3,4,4,4,4,3,1,2,1,NA,NA,4,NA,NA,1,1,1,1,1,2-Jan,"1,7",1,1,2,1,3,FALSE,NA,49,52.58977516,ECA,FL,50-59,<1
Russian,Russia,United States,1,6,NA,NA,,ME,35,Cis-male,Gay,Granted,NA,Excellent,Post-secondary,Yes,Yes,2,4,3,2,1,2,3,2,1,4,3,4,1,4,7,3,2,3,3,4,3,4,4,1,3,4,3,NA,1,2,2,1,1,2-Jan,"2,6,9",2,2,1,2,1,TRUE,2.333333333,40.5,73.10538549,ECA,ME,30-39,6-May
Russian,Ukraine,United States,1,2,NA,NA,,IL,44,Cis-male,Bisexual,WorkPermit,NA,Good,Secondary,Yes,No,1,1,4,1,1,1,1,3,2,2,4,2,1,2,2,4,3,4,4,2,1,2,2,3,3,4,3,3,1,1,1,1,1,10-Jun,"1,2,8",1,2,3,1,2,TRUE,3,47.2,52.67321364,NA,IL,40-49,2-Jan
Russian,Russia,United States,2,0,3,NA,,FL,33,Cis-male,Gay,NotSubmitted,NA,Good,Post-secondary,Yes,Yes,1,1,3,1,2,1,2,1,1,1,1,1,2,2,1,5,5,5,5,2,2,2,2,3,3,4,1,NA,2,1,2,1,1,0,6,1,1,1,1,2,FALSE,2.333333333,62,54.60541888,ECA,FL,30-39,<1
Russian,Ukraine,Canada,1,2,NA,ON,Toronto,NA,41,Cis-male,Gay,Granted,NA,Very good,Post-secondary,Yes,Yes,5,2,2,1,1,1,1,1,1,2,4,2,2,2,5,3,3,2,3,3,2,2,3,2,3,4,3,3,1,1,2,1,1,2-Jan,"4,8",3,3,1,1,3,TRUE,2.75,40.5,60.73225499,NA,ON,40-49,2-Jan
Russian,Russia,Canada,2,0,5,ON,Toronto ,NA,34,Cis-male,Gay,Granted,NA,Beginner,Post-secondary,No,Yes,2,2,2,2,2,1,2,2,2,1,2,2,2,1,3,3,3,2,2,3,2,3,3,1,1,4,3,NA,1,1,1,1,1,5-Mar,9,1,2,2,1,1,FALSE,1.666666667,38.9,62.90514364,ECA,ON,30-39,<1
Russian,Russia,Canada,2,0,10,ON,Toronto ,NA,22,Cis-male,Gay,Granted,NA,Fair,Secondary,No,No,1,5,5,3,3,1,3,2,5,2,2,3,3,2,3,4,4,4,4,3,2,3,3,2,3,4,3,3,1,1,2,1,1,11,"4,9",2,1,1,1,2,TRUE,2.75,49,62.90514364,ECA,ON,21-29,<1
Russian,Russia,Canada,2,0,10,ON,Toronto,NA,24,Cis-male,Gay,Granted,NA,Good,Post-secondary,No,Yes,2,2,3,1,2,1,1,1,1,2,1,2,2,1,1,2,2,3,3,3,2,2,3,1,1,1,1,1,1,1,1,1,1,10-Jun,"1,3,9",1,2,1,1,1,FALSE,1,38.9,60.73225499,ECA,ON,21-29,<1
Russian,Russia,Canada,2,0,7,ON,Toronto,NA,27,Cis-male,Bisexual,Granted,NA,Fair,Post-secondary,No,No,1,2,2,1,2,1,2,1,2,1,2,3,1,2,3,3,3,2,3,3,3,4,3,3,1,4,3,NA,1,2,2,1,1,2-Jan,"3,4,8",2,2,1,1,2,FALSE,2.333333333,40.5,66.75941204,ECA,ON,21-29,<1
Russian,Russia,Canada,2,0,7,ON,Toronto,NA,36,Cis-male,Bisexual,WorkPermit,NA,Fair,Secondary,No,Yes,1,3,5,4,1,1,2,1,1,2,1,1,3,3,8,4,4,5,3,3,3,4,3,1,1,1,1,1,1,1,2,1,1,10-Jun,"3,4,8",2,2,1,1,2,TRUE,1,49,66.75941204,ECA,ON,30-39,<1
Russian,Russia,Canada,2,0,8,ON,_________,NA,29,Cis-male,Gay,Granted,NA,Fair,Post-secondary,No,Yes,2,1,1,3,1,3,1,1,1,5,4,3,5,1,4,1,1,2,1,3,2,5,4,2,1,4,3,NA,1,1,2,1,1,5-Mar,10,1,1,3,3,3,TRUE,2,29.9,68.60050014,ECA,ON,21-29,<1
Russian,Russia,Canada,2,0,8,ON,Toronto,NA,23,Cis-male,Bisexual,Granted,NA,Beginner,Post-secondary,No,No,3,4,5,5,4,3,1,2,4,4,5,5,5,3,6,1,1,1,1,2,2,1,2,2,1,1,1,1,1,2,2,1,2,0,10,2,2,2,1,3,TRUE,1.25,25.7,52.3956519,ECA,ON,21-29,<1
Russian,Russia,Canada,2,0,7,ON,Toronto ,NA,25,Other,Gay,Granted,NA,Very good,Post-secondary,Yes,Yes,1,3,5,2,3,2,4,3,5,2,3,2,3,2,3,4,4,4,4,3,4,1,2,2,3,3,3,3,1,1,2,1,1,11,2,1,1,1,1,1,TRUE,2.75,49,58.98129038,ECA,ON,21-29,<1
Russian,Ukraine,Canada,1,2,NA,ON,Toronto,NA,41,Cis-male,Gay,Granted,NA,Very good,Post-secondary,Yes,Yes,4,2,2,1,1,1,1,1,1,2,2,1,1,1,5,2,2,1,2,2,1,1,3,2,3,4,3,3,1,1,2,1,2,2-Jan,"4,7",3,3,2,1,3,TRUE,2.75,34,52.71184546,NA,ON,40-49,2-Jan
Russian,Russia,Canada,2,0,10,ON,_________ ,NA,21,Other,Gay,WorkPermit,NA,Fair,Post-secondary,Yes,Yes,1,4,5,2,3,1,3,2,1,3,1,5,1,3,7,3,1,2,2,3,3,3,3,1,1,3,3,3,2,2,2,1,2,10-Jun,9,1,3,1,1,3,TRUE,2,35.7,65.03181373,ECA,ON,21-29,<1
Russian,Russia,Canada,2,0,7,ON,_________ ,NA,24,Cis-male,Bisexual,Granted,NA,Fair,Post-secondary,No,No,1,3,5,3,5,1,3,3,5,3,5,2,3,1,6,1,1,2,2,3,4,3,3,1,1,1,1,1,1,1,1,1,1,5-Mar,"1,4,7",1,2,1,1,2,TRUE,1,32.1,66.82204289,ECA,ON,21-29,<1
Arabic,Iraq,United States,1,3,NA,NA,,NY,30,Cis-male,Heterosexual,Granted,NA,Excellent,Post-secondary,No,Yes,2,2,2,1,1,2,1,1,2,2,2,3,2,2,3,2,2,3,2,2,2,1,1,NA,NA,4,NA,NA,1,1,1,1,1,10-Jun,6,2,2,2,2,2,FALSE,NA, ,49.23221067,NA,NY,30-39,4-Mar
Arabic,Jordan,United States,1,2,NA,NA,,NY,37,Cis-male,Gay,WorkPermit,NA,Good,Post-secondary,No,No,2,1,4,2,1,5,2,1,1,1,1,1,1,2,1,3,1,3,3,3,3,1,3,1,2,1,1,1,2,2,1,1,2,0,3,1,2,2,1,3,FALSE,1.25,38.9,61.3424772,ECA,NY,30-39,2-Jan